epoch,time,train/box_loss,train/cls_loss,train/dfl_loss,metrics/precision(B),metrics/recall(B),metrics/mAP50(B),metrics/mAP50-95(B),val/box_loss,val/cls_loss,val/dfl_loss,lr/pg0,lr/pg1,lr/pg2,lr/pg3,lr/pg4,lr/pg5,lr/pg6,lr/pg7
1,42.0332,2.09653,2.92821,2.09892,0,0,0,0,2.14285,3.17431,1.98435,0.00982143,0.00327381,0.00982143,0.00327381,0.00982143,0.00327381,0.00982143,0.00327381
2,60.7214,1.75251,2.12683,1.80607,0.54649,0.15721,0.33901,0.14043,2.25205,2.6252,2.09113,0.0197822,0.00659406,0.0197822,0.00659406,0.0197822,0.00659406,0.0197822,0.00659406
3,73.9657,1.83518,2.06637,1.88778,0.10231,0.15611,0.05955,0.01848,2.78314,11.4894,3.38082,0.0297033,0.00990111,0.0297033,0.00990111,0.0297033,0.00990111,0.0297033,0.00990111
4,94.5016,1.93077,2.18562,1.99063,0.02653,0.07969,0.01225,0.00343,3.3529,8.63225,4.16954,0.0298218,0.0099406,0.0298218,0.0099406,0.0298218,0.0099406,0.0298218,0.0099406
5,108.739,1.88005,2.0678,1.96076,0.14538,0.20633,0.0932,0.03101,2.6917,7.41583,2.78421,0.0297624,0.0099208,0.0297624,0.0099208,0.0297624,0.0099208,0.0297624,0.0099208
6,126.701,1.83474,1.99787,1.93333,0.26042,0.34662,0.22227,0.08284,2.39301,4.97187,2.36355,0.029703,0.009901,0.029703,0.009901,0.029703,0.009901,0.029703,0.009901
7,142.225,1.8122,1.94967,1.89146,0.25954,0.17249,0.13333,0.04961,2.71552,5.44655,2.54412,0.0296436,0.0098812,0.0296436,0.0098812,0.0296436,0.0098812,0.0296436,0.0098812
8,157.971,1.78185,1.87722,1.8725,0.08985,0.18286,0.05263,0.01953,2.48164,4.40705,2.54585,0.0295842,0.0098614,0.0295842,0.0098614,0.0295842,0.0098614,0.0295842,0.0098614
9,176.751,1.74159,1.82913,1.85733,0.48193,0.45087,0.48256,0.22623,2.16088,1.96937,2.0538,0.0295248,0.0098416,0.0295248,0.0098416,0.0295248,0.0098416,0.0295248,0.0098416
10,190.104,1.71575,1.7835,1.83262,0.55457,0.50218,0.5146,0.21012,2.18187,2.42596,2.07198,0.0294654,0.0098218,0.0294654,0.0098218,0.0294654,0.0098218,0.0294654,0.0098218
11,210.252,1.68374,1.75211,1.8066,0.57036,0.37391,0.48019,0.26322,1.92494,1.94964,1.88122,0.029406,0.009802,0.029406,0.009802,0.029406,0.009802,0.029406,0.009802
12,224.837,1.6801,1.7,1.78883,0.51424,0.41976,0.44799,0.22425,1.95534,1.97076,1.912,0.0293466,0.0097822,0.0293466,0.0097822,0.0293466,0.0097822,0.0293466,0.0097822
13,246.976,1.65915,1.66448,1.76818,0.51902,0.49563,0.53157,0.29097,1.90261,1.8406,1.85631,0.0292872,0.0097624,0.0292872,0.0097624,0.0292872,0.0097624,0.0292872,0.0097624
14,262.225,1.65084,1.6604,1.76706,0.46553,0.5262,0.46417,0.24316,1.85619,1.79198,1.82578,0.0292278,0.0097426,0.0292278,0.0097426,0.0292278,0.0097426,0.0292278,0.0097426
15,278.567,1.63857,1.65122,1.76545,0.64927,0.52444,0.6138,0.26819,2.0701,1.58225,1.90802,0.0291684,0.0097228,0.0291684,0.0097228,0.0291684,0.0097228,0.0291684,0.0097228
16,297.137,1.61282,1.60201,1.75155,0.55277,0.49891,0.538,0.28842,1.84341,1.8073,1.82887,0.029109,0.009703,0.029109,0.009703,0.029109,0.009703,0.029109,0.009703
17,311.602,1.61189,1.5738,1.73735,0.45886,0.54148,0.4801,0.24087,2.02763,1.95128,1.94845,0.0290496,0.0096832,0.0290496,0.0096832,0.0290496,0.0096832,0.0290496,0.0096832
18,333.421,1.59374,1.55486,1.72772,0.54067,0.50951,0.54104,0.29791,1.82223,1.70762,1.78645,0.0289902,0.0096634,0.0289902,0.0096634,0.0289902,0.0096634,0.0289902,0.0096634
19,346.629,1.57984,1.57079,1.73263,0.59764,0.49618,0.55958,0.29049,1.90475,1.68225,1.84338,0.0289308,0.0096436,0.0289308,0.0096436,0.0289308,0.0096436,0.0289308,0.0096436
20,366.287,1.56571,1.53552,1.7143,0.61032,0.49671,0.55782,0.31521,1.79161,1.64299,1.71635,0.0288714,0.0096238,0.0288714,0.0096238,0.0288714,0.0096238,0.0288714,0.0096238
21,383.707,1.56715,1.51446,1.70917,0.59703,0.57096,0.61515,0.32231,1.88162,1.52437,1.76402,0.028812,0.009604,0.028812,0.009604,0.028812,0.009604,0.028812,0.009604
22,403.115,1.55845,1.4931,1.70333,0.72608,0.57587,0.68173,0.39036,1.78744,1.38967,1.69922,0.0287526,0.0095842,0.0287526,0.0095842,0.0287526,0.0095842,0.0287526,0.0095842
23,420.345,1.54796,1.49189,1.68765,0.67113,0.56932,0.63852,0.34754,1.69532,1.5272,1.68904,0.0286932,0.0095644,0.0286932,0.0095644,0.0286932,0.0095644,0.0286932,0.0095644
24,437.874,1.54115,1.46985,1.67277,0.6522,0.56114,0.63852,0.36224,1.68463,1.50743,1.674,0.0286338,0.0095446,0.0286338,0.0095446,0.0286338,0.0095446,0.0286338,0.0095446
25,455.51,1.53311,1.46074,1.68263,0.61359,0.56714,0.61612,0.34302,1.75785,1.54918,1.76573,0.0285744,0.0095248,0.0285744,0.0095248,0.0285744,0.0095248,0.0285744,0.0095248
26,473.314,1.53357,1.46562,1.68359,0.65841,0.57236,0.63905,0.35032,1.68439,1.44415,1.6591,0.028515,0.009505,0.028515,0.009505,0.028515,0.009505,0.028515,0.009505
27,490.562,1.53196,1.44091,1.67707,0.66861,0.48963,0.58441,0.32127,1.69882,1.6243,1.66488,0.0284556,0.0094852,0.0284556,0.0094852,0.0284556,0.0094852,0.0284556,0.0094852
28,510.087,1.53592,1.4331,1.66906,0.60027,0.49345,0.56538,0.32225,1.87025,1.631,1.75168,0.0283962,0.0094654,0.0283962,0.0094654,0.0283962,0.0094654,0.0283962,0.0094654
29,526.135,1.51217,1.39524,1.64649,0.56511,0.40666,0.48777,0.26819,1.89258,1.77784,1.78591,0.0283368,0.0094456,0.0283368,0.0094456,0.0283368,0.0094456,0.0283368,0.0094456
30,539.986,1.51376,1.4162,1.64634,0.61507,0.40993,0.52632,0.27812,1.94429,1.84554,1.83216,0.0282774,0.0094258,0.0282774,0.0094258,0.0282774,0.0094258,0.0282774,0.0094258
31,559.396,1.51626,1.38983,1.64818,0.63017,0.52737,0.60486,0.33852,1.75261,1.47488,1.71202,0.028218,0.009406,0.028218,0.009406,0.028218,0.009406,0.028218,0.009406
32,573.192,1.49109,1.37235,1.64197,0.60428,0.506,0.58801,0.34828,1.67813,1.51981,1.64842,0.0281586,0.0093862,0.0281586,0.0093862,0.0281586,0.0093862,0.0281586,0.0093862
33,591.234,1.50006,1.37418,1.6321,0.65883,0.55895,0.64413,0.38386,1.68794,1.39098,1.62213,0.0280992,0.0093664,0.0280992,0.0093664,0.0280992,0.0093664,0.0280992,0.0093664
34,609.786,1.47749,1.36808,1.62772,0.6679,0.58952,0.67141,0.40246,1.60759,1.33371,1.5597,0.0280398,0.0093466,0.0280398,0.0093466,0.0280398,0.0093466,0.0280398,0.0093466
35,623.402,1.47527,1.33789,1.62175,0.71573,0.61954,0.69552,0.4317,1.54765,1.29762,1.53403,0.0279804,0.0093268,0.0279804,0.0093268,0.0279804,0.0093268,0.0279804,0.0093268
36,641.939,1.47944,1.32896,1.61775,0.75579,0.6352,0.73031,0.4148,1.63383,1.24735,1.58225,0.027921,0.009307,0.027921,0.009307,0.027921,0.009307,0.027921,0.009307
37,659.946,1.46918,1.3241,1.61592,0.70451,0.61572,0.68909,0.38594,1.69602,1.33248,1.62071,0.0278616,0.0092872,0.0278616,0.0092872,0.0278616,0.0092872,0.0278616,0.0092872
38,673.671,1.46528,1.33048,1.60824,0.72263,0.66129,0.73607,0.44889,1.56017,1.19325,1.54049,0.0278022,0.0092674,0.0278022,0.0092674,0.0278022,0.0092674,0.0278022,0.0092674
39,694.99,1.46579,1.3131,1.60729,0.68977,0.60644,0.69448,0.428,1.56358,1.27205,1.54584,0.0277428,0.0092476,0.0277428,0.0092476,0.0277428,0.0092476,0.0277428,0.0092476
40,710.376,1.46507,1.32294,1.60662,0.7265,0.62773,0.72915,0.45485,1.52628,1.21085,1.51448,0.0276834,0.0092278,0.0276834,0.0092278,0.0276834,0.0092278,0.0276834,0.0092278
41,725.998,1.45405,1.30479,1.6045,0.71681,0.64028,0.72276,0.45305,1.51081,1.18112,1.5148,0.027624,0.009208,0.027624,0.009208,0.027624,0.009208,0.027624,0.009208
42,744.591,1.44011,1.26984,1.58681,0.75355,0.64425,0.73366,0.45,1.51893,1.18579,1.48694,0.0275646,0.0091882,0.0275646,0.0091882,0.0275646,0.0091882,0.0275646,0.0091882
43,758.276,1.44742,1.30087,1.59216,0.73086,0.66212,0.74189,0.47271,1.51892,1.16415,1.51748,0.0275052,0.0091684,0.0275052,0.0091684,0.0275052,0.0091684,0.0275052,0.0091684
44,777.399,1.43695,1.27845,1.57967,0.71626,0.62282,0.71202,0.44582,1.53567,1.26609,1.52598,0.0274458,0.0091486,0.0274458,0.0091486,0.0274458,0.0091486,0.0274458,0.0091486
45,791.003,1.43522,1.2733,1.58248,0.73288,0.62118,0.71888,0.44295,1.56429,1.33022,1.51789,0.0273864,0.0091288,0.0273864,0.0091288,0.0273864,0.0091288,0.0273864,0.0091288
46,810.134,1.42369,1.25383,1.57281,0.78394,0.6298,0.74515,0.45231,1.54171,1.15684,1.48638,0.027327,0.009109,0.027327,0.009109,0.027327,0.009109,0.027327,0.009109
47,823.477,1.42472,1.25031,1.57337,0.74595,0.66212,0.74632,0.46053,1.48418,1.16286,1.47073,0.0272676,0.0090892,0.0272676,0.0090892,0.0272676,0.0090892,0.0272676,0.0090892
48,842.86,1.4237,1.24041,1.57259,0.74609,0.68504,0.76105,0.44618,1.62577,1.17773,1.54653,0.0272082,0.0090694,0.0272082,0.0090694,0.0272082,0.0090694,0.0272082,0.0090694
49,860.5,1.41828,1.23171,1.56206,0.73863,0.65098,0.73234,0.45375,1.47523,1.1538,1.45243,0.0271488,0.0090496,0.0271488,0.0090496,0.0271488,0.0090496,0.0271488,0.0090496
50,874.104,1.41677,1.23097,1.56865,0.73418,0.65582,0.74266,0.45489,1.50264,1.17125,1.49599,0.0270894,0.0090298,0.0270894,0.0090298,0.0270894,0.0090298,0.0270894,0.0090298
51,893.139,1.40895,1.23812,1.56854,0.72353,0.62991,0.72191,0.45145,1.54345,1.20369,1.53121,0.02703,0.00901,0.02703,0.00901,0.02703,0.00901,0.02703,0.00901
52,911.575,1.40796,1.21922,1.55961,0.7026,0.6048,0.69772,0.44485,1.51857,1.25034,1.50679,0.0269706,0.0089902,0.0269706,0.0089902,0.0269706,0.0089902,0.0269706,0.0089902
53,924.942,1.40563,1.22108,1.56004,0.75047,0.64024,0.73484,0.42678,1.65609,1.19929,1.56475,0.0269112,0.0089704,0.0269112,0.0089704,0.0269112,0.0089704,0.0269112,0.0089704
54,943.45,1.39116,1.2065,1.55046,0.74066,0.65944,0.74875,0.46061,1.51558,1.18318,1.49993,0.0268518,0.0089506,0.0268518,0.0089506,0.0268518,0.0089506,0.0268518,0.0089506
55,962.421,1.40659,1.21865,1.55985,0.80994,0.67692,0.77252,0.48456,1.44987,1.08355,1.45228,0.0267924,0.0089308,0.0267924,0.0089308,0.0267924,0.0089308,0.0267924,0.0089308
56,976.119,1.40356,1.20476,1.5503,0.78312,0.67803,0.77324,0.45878,1.64275,1.09151,1.53884,0.026733,0.008911,0.026733,0.008911,0.026733,0.008911,0.026733,0.008911
57,994.635,1.38363,1.19959,1.54416,0.81082,0.65742,0.76712,0.48432,1.42108,1.08059,1.43408,0.0266736,0.0088912,0.0266736,0.0088912,0.0266736,0.0088912,0.0266736,0.0088912
58,1014.43,1.37448,1.18382,1.53248,0.74602,0.70197,0.76035,0.47967,1.4297,1.09578,1.43636,0.0266142,0.0088714,0.0266142,0.0088714,0.0266142,0.0088714,0.0266142,0.0088714
59,1028.55,1.38611,1.18327,1.52662,0.78603,0.6774,0.78253,0.48138,1.55201,1.05769,1.47702,0.0265548,0.0088516,0.0265548,0.0088516,0.0265548,0.0088516,0.0265548,0.0088516
60,1046.12,1.3888,1.16692,1.546,0.80679,0.68837,0.78924,0.47982,1.56759,1.03172,1.51503,0.0264954,0.0088318,0.0264954,0.0088318,0.0264954,0.0088318,0.0264954,0.0088318
61,1065.72,1.37984,1.16389,1.53053,0.81517,0.64683,0.76433,0.50146,1.42728,1.08894,1.42843,0.026436,0.008812,0.026436,0.008812,0.026436,0.008812,0.026436,0.008812
62,1079.16,1.38175,1.18274,1.5282,0.76831,0.66485,0.77276,0.49501,1.42133,1.08005,1.4205,0.0263766,0.0087922,0.0263766,0.0087922,0.0263766,0.0087922,0.0263766,0.0087922
63,1097.87,1.37182,1.16843,1.52524,0.78739,0.64847,0.7574,0.48246,1.46305,1.1681,1.45089,0.0263172,0.0087724,0.0263172,0.0087724,0.0263172,0.0087724,0.0263172,0.0087724
64,1115.72,1.36722,1.15791,1.52727,0.78071,0.69432,0.78063,0.49271,1.47263,1.05312,1.45272,0.0262578,0.0087526,0.0262578,0.0087526,0.0262578,0.0087526,0.0262578,0.0087526
65,1129.29,1.36613,1.1417,1.51513,0.80755,0.69378,0.79568,0.49856,1.48936,1.02607,1.45318,0.0261984,0.0087328,0.0261984,0.0087328,0.0261984,0.0087328,0.0261984,0.0087328
66,1150.1,1.37537,1.17377,1.53438,0.80587,0.69978,0.79398,0.50801,1.4145,1.02807,1.40156,0.026139,0.008713,0.026139,0.008713,0.026139,0.008713,0.026139,0.008713
67,1166.84,1.3472,1.13945,1.51098,0.77231,0.66103,0.75651,0.46532,1.5566,1.10949,1.50113,0.0260796,0.0086932,0.0260796,0.0086932,0.0260796,0.0086932,0.0260796,0.0086932
68,1181.29,1.35582,1.15673,1.51833,0.81268,0.70852,0.79999,0.5114,1.45805,1.00417,1.42962,0.0260202,0.0086734,0.0260202,0.0086734,0.0260202,0.0086734,0.0260202,0.0086734
69,1202.59,1.3537,1.12582,1.51111,0.77711,0.6643,0.75883,0.46415,1.57296,1.08989,1.48636,0.0259608,0.0086536,0.0259608,0.0086536,0.0259608,0.0086536,0.0259608,0.0086536
70,1220.45,1.36735,1.14047,1.51372,0.76308,0.70852,0.78091,0.51561,1.39988,1.00766,1.40841,0.0259014,0.0086338,0.0259014,0.0086338,0.0259014,0.0086338,0.0259014,0.0086338
71,1236.51,1.34435,1.12031,1.50852,0.80685,0.72325,0.80992,0.50518,1.41496,1.0136,1.41561,0.025842,0.008614,0.025842,0.008614,0.025842,0.008614,0.025842,0.008614
72,1258.86,1.34411,1.10817,1.49993,0.78835,0.71975,0.79928,0.50287,1.46685,0.97812,1.41933,0.0257826,0.0085942,0.0257826,0.0085942,0.0257826,0.0085942,0.0257826,0.0085942
73,1274.21,1.35058,1.13165,1.5093,0.82244,0.71834,0.8164,0.53254,1.36034,0.9848,1.36583,0.0257232,0.0085744,0.0257232,0.0085744,0.0257232,0.0085744,0.0257232,0.0085744
74,1288.95,1.33717,1.11426,1.49932,0.82154,0.69869,0.80179,0.51753,1.38298,0.95227,1.37587,0.0256638,0.0085546,0.0256638,0.0085546,0.0256638,0.0085546,0.0256638,0.0085546
75,1310.57,1.34946,1.10732,1.50656,0.83004,0.71179,0.81349,0.5318,1.37275,0.96514,1.37078,0.0256044,0.0085348,0.0256044,0.0085348,0.0256044,0.0085348,0.0256044,0.0085348
76,1325.46,1.35066,1.12103,1.4943,0.80821,0.71768,0.81374,0.52033,1.43028,0.95731,1.37725,0.025545,0.008515,0.025545,0.008515,0.025545,0.008515,0.025545,0.008515
77,1340.27,1.33371,1.11009,1.49052,0.80851,0.72368,0.80729,0.53917,1.36909,0.97235,1.37661,0.0254856,0.0084952,0.0254856,0.0084952,0.0254856,0.0084952,0.0254856,0.0084952
78,1358.17,1.33033,1.09846,1.48949,0.78837,0.70961,0.79363,0.5287,1.38017,0.97838,1.38728,0.0254262,0.0084754,0.0254262,0.0084754,0.0254262,0.0084754,0.0254262,0.0084754
79,1371.89,1.32741,1.10203,1.48617,0.83192,0.71943,0.81901,0.54342,1.37653,0.9558,1.36662,0.0253668,0.0084556,0.0253668,0.0084556,0.0253668,0.0084556,0.0253668,0.0084556
80,1393,1.33033,1.09877,1.4895,0.84574,0.73526,0.83451,0.55042,1.33828,0.9172,1.34165,0.0253074,0.0084358,0.0253074,0.0084358,0.0253074,0.0084358,0.0253074,0.0084358
81,1409.08,1.32526,1.08455,1.48222,0.82783,0.73799,0.82961,0.52984,1.43552,0.92816,1.40506,0.025248,0.008416,0.025248,0.008416,0.025248,0.008416,0.025248,0.008416
82,1423.4,1.32374,1.07869,1.48034,0.83371,0.6951,0.80427,0.5238,1.4057,0.96701,1.39672,0.0251886,0.0083962,0.0251886,0.0083962,0.0251886,0.0083962,0.0251886,0.0083962
83,1445.09,1.33339,1.09242,1.49869,0.82477,0.7309,0.82501,0.52668,1.4086,0.96461,1.39095,0.0251292,0.0083764,0.0251292,0.0083764,0.0251292,0.0083764,0.0251292,0.0083764
84,1459.56,1.32529,1.08602,1.47905,0.84862,0.6845,0.80804,0.52838,1.37273,0.96245,1.39319,0.0250698,0.0083566,0.0250698,0.0083566,0.0250698,0.0083566,0.0250698,0.0083566
85,1474.87,1.32483,1.0789,1.49211,0.82531,0.73756,0.82573,0.5463,1.35737,0.91422,1.3748,0.0250104,0.0083368,0.0250104,0.0083368,0.0250104,0.0083368,0.0250104,0.0083368
86,1496.63,1.32331,1.08847,1.47889,0.80538,0.74544,0.81754,0.53693,1.3692,0.92355,1.3852,0.024951,0.008317,0.024951,0.008317,0.024951,0.008317,0.024951,0.008317
87,1511.1,1.30897,1.06441,1.48141,0.83471,0.75164,0.83372,0.54734,1.31572,0.9184,1.33057,0.0248916,0.0082972,0.0248916,0.0082972,0.0248916,0.0082972,0.0248916,0.0082972
88,1525.33,1.30258,1.06024,1.4751,0.83281,0.72052,0.81748,0.52848,1.44103,0.93838,1.40103,0.0248322,0.0082774,0.0248322,0.0082774,0.0248322,0.0082774,0.0248322,0.0082774
89,1546.07,1.31166,1.06223,1.46608,0.83783,0.72192,0.81539,0.53214,1.36433,0.94226,1.37411,0.0247728,0.0082576,0.0247728,0.0082576,0.0247728,0.0082576,0.0247728,0.0082576
90,1559.66,1.31775,1.06628,1.47359,0.80072,0.70197,0.79876,0.48429,1.50135,1.004,1.45477,0.0247134,0.0082378,0.0247134,0.0082378,0.0247134,0.0082378,0.0247134,0.0082378
91,1575.75,1.30579,1.05166,1.46203,0.84181,0.75164,0.83843,0.56145,1.31616,0.87164,1.31834,0.024654,0.008218,0.024654,0.008218,0.024654,0.008218,0.024654,0.008218
92,1597.03,1.31092,1.06772,1.47346,0.82923,0.72434,0.82042,0.53289,1.34952,0.93511,1.33924,0.0245946,0.0081982,0.0245946,0.0081982,0.0245946,0.0081982,0.0245946,0.0081982
93,1610.72,1.29872,1.0424,1.45459,0.84859,0.75928,0.84184,0.55999,1.35089,0.89053,1.33499,0.0245352,0.0081784,0.0245352,0.0081784,0.0245352,0.0081784,0.0245352,0.0081784
94,1633.72,1.29864,1.03811,1.45501,0.8366,0.74072,0.8331,0.54576,1.34084,0.90827,1.33862,0.0244758,0.0081586,0.0244758,0.0081586,0.0244758,0.0081586,0.0244758,0.0081586
95,1650.58,1.30046,1.04065,1.46109,0.83568,0.75273,0.83601,0.54323,1.32311,0.90773,1.33131,0.0244164,0.0081388,0.0244164,0.0081388,0.0244164,0.0081388,0.0244164,0.0081388
96,1663.9,1.2881,1.02688,1.44859,0.83507,0.74672,0.83591,0.55793,1.34525,0.89093,1.35134,0.024357,0.008119,0.024357,0.008119,0.024357,0.008119,0.024357,0.008119
97,1683.13,1.29104,1.0259,1.45065,0.83778,0.75055,0.83676,0.55653,1.33078,0.86833,1.32832,0.0242976,0.0080992,0.0242976,0.0080992,0.0242976,0.0080992,0.0242976,0.0080992
98,1701.47,1.29269,1.03547,1.46087,0.84043,0.75164,0.84089,0.53773,1.41658,0.88372,1.36734,0.0242382,0.0080794,0.0242382,0.0080794,0.0242382,0.0080794,0.0242382,0.0080794
99,1714.71,1.29669,1.02091,1.45006,0.85706,0.73799,0.83551,0.55371,1.31298,0.86964,1.32818,0.0241788,0.0080596,0.0241788,0.0080596,0.0241788,0.0080596,0.0241788,0.0080596
100,1733.86,1.29147,1.03464,1.45749,0.81379,0.76097,0.83565,0.55761,1.32434,0.88003,1.33391,0.0241194,0.0080398,0.0241194,0.0080398,0.0241194,0.0080398,0.0241194,0.0080398
101,1751.08,1.28624,1.02309,1.43287,0.85721,0.76037,0.8517,0.57327,1.30099,0.84257,1.30648,0.02406,0.00802,0.02406,0.00802,0.02406,0.00802,0.02406,0.00802
102,1767.84,1.28942,1.01634,1.44667,0.87121,0.7429,0.85303,0.58085,1.29016,0.83798,1.3189,0.0240006,0.0080002,0.0240006,0.0080002,0.0240006,0.0080002,0.0240006,0.0080002
103,1788.98,1.28365,1.01736,1.44807,0.87736,0.7369,0.84748,0.56723,1.31499,0.84884,1.32822,0.0239412,0.0079804,0.0239412,0.0079804,0.0239412,0.0079804,0.0239412,0.0079804
104,1802.57,1.29258,1.02273,1.4481,0.85847,0.7571,0.84994,0.57138,1.32321,0.86172,1.33813,0.0238818,0.0079606,0.0238818,0.0079606,0.0238818,0.0079606,0.0238818,0.0079606
105,1819.21,1.27962,1.00717,1.43973,0.86887,0.78122,0.86215,0.57189,1.3383,0.82894,1.32512,0.0238224,0.0079408,0.0238224,0.0079408,0.0238224,0.0079408,0.0238224,0.0079408
106,1840.37,1.2675,1.01305,1.43757,0.86374,0.75983,0.85265,0.58063,1.30105,0.84964,1.31891,0.023763,0.007921,0.023763,0.007921,0.023763,0.007921,0.023763,0.007921
107,1854.03,1.2897,1.00807,1.44609,0.85543,0.75257,0.84684,0.57558,1.26465,0.84879,1.30333,0.0237036,0.0079012,0.0237036,0.0079012,0.0237036,0.0079012,0.0237036,0.0079012
108,1871.24,1.27389,1.00818,1.42607,0.85719,0.76666,0.85621,0.57438,1.29663,0.84576,1.32286,0.0236442,0.0078814,0.0236442,0.0078814,0.0236442,0.0078814,0.0236442,0.0078814
109,1889.76,1.2742,1.00574,1.43346,0.87611,0.75654,0.85935,0.57147,1.32141,0.85191,1.33551,0.0235848,0.0078616,0.0235848,0.0078616,0.0235848,0.0078616,0.0235848,0.0078616
110,1903.27,1.26589,0.98735,1.43411,0.87699,0.7631,0.86062,0.58163,1.32305,0.82385,1.32187,0.0235254,0.0078418,0.0235254,0.0078418,0.0235254,0.0078418,0.0235254,0.0078418
111,1922.25,1.26997,0.99467,1.4352,0.87397,0.74563,0.845,0.5713,1.28326,0.83584,1.3,0.023466,0.007822,0.023466,0.007822,0.023466,0.007822,0.023466,0.007822
112,1939.74,1.27305,1.0098,1.4357,0.87512,0.75109,0.85616,0.5877,1.2697,0.82738,1.29413,0.0234066,0.0078022,0.0234066,0.0078022,0.0234066,0.0078022,0.0234066,0.0078022
113,1953.26,1.26312,1.00267,1.43694,0.85401,0.75676,0.8524,0.57573,1.26915,0.84145,1.30622,0.0233472,0.0077824,0.0233472,0.0077824,0.0233472,0.0077824,0.0233472,0.0077824
114,1972.46,1.2646,0.98126,1.42074,0.84856,0.7616,0.85457,0.58916,1.25461,0.82108,1.28669,0.0232878,0.0077626,0.0232878,0.0077626,0.0232878,0.0077626,0.0232878,0.0077626
115,1990.54,1.25773,0.98762,1.42951,0.85274,0.76365,0.8577,0.58451,1.27625,0.81943,1.29535,0.0232284,0.0077428,0.0232284,0.0077428,0.0232284,0.0077428,0.0232284,0.0077428
116,2005.96,1.2456,0.96928,1.41257,0.86535,0.77173,0.86664,0.593,1.28689,0.78693,1.28581,0.023169,0.007723,0.023169,0.007723,0.023169,0.007723,0.023169,0.007723
117,2025.23,1.26667,0.9892,1.42818,0.86779,0.76965,0.86394,0.59257,1.27239,0.79929,1.2886,0.0231096,0.0077032,0.0231096,0.0077032,0.0231096,0.0077032,0.0231096,0.0077032
118,2038.58,1.25181,0.98145,1.42286,0.87439,0.7369,0.85478,0.58509,1.25898,0.8133,1.28986,0.0230502,0.0076834,0.0230502,0.0076834,0.0230502,0.0076834,0.0230502,0.0076834
119,2056.89,1.27021,0.98586,1.42505,0.86537,0.76137,0.85351,0.58251,1.29498,0.80554,1.30327,0.0229908,0.0076636,0.0229908,0.0076636,0.0229908,0.0076636,0.0229908,0.0076636
120,2073.5,1.26269,0.96489,1.40853,0.87641,0.76252,0.85534,0.60678,1.23693,0.78357,1.27594,0.0229314,0.0076438,0.0229314,0.0076438,0.0229314,0.0076438,0.0229314,0.0076438
121,2088.59,1.24939,0.96585,1.41494,0.86507,0.76639,0.85454,0.59554,1.25195,0.81909,1.26824,0.022872,0.007624,0.022872,0.007624,0.022872,0.007624,0.022872,0.007624
122,2109.49,1.25096,0.96613,1.40749,0.86458,0.7631,0.85278,0.59676,1.22508,0.79373,1.265,0.0228126,0.0076042,0.0228126,0.0076042,0.0228126,0.0076042,0.0228126,0.0076042
123,2123.35,1.24667,0.9633,1.41275,0.88434,0.76365,0.86243,0.60165,1.23887,0.77951,1.27231,0.0227532,0.0075844,0.0227532,0.0075844,0.0227532,0.0075844,0.0227532,0.0075844
124,2142.21,1.25602,0.96488,1.41971,0.85906,0.78002,0.86458,0.59932,1.23867,0.79243,1.27188,0.0226938,0.0075646,0.0226938,0.0075646,0.0226938,0.0075646,0.0226938,0.0075646
125,2158.54,1.25121,0.97892,1.41383,0.86407,0.76583,0.85846,0.59947,1.23961,0.79597,1.26687,0.0226344,0.0075448,0.0226344,0.0075448,0.0226344,0.0075448,0.0226344,0.0075448
126,2178.22,1.24826,0.96425,1.41464,0.8564,0.76419,0.85553,0.60133,1.22267,0.80454,1.26318,0.022575,0.007525,0.022575,0.007525,0.022575,0.007525,0.022575,0.007525
127,2193.29,1.22017,0.94625,1.39957,0.84537,0.77293,0.86106,0.60331,1.2158,0.78139,1.25343,0.0225156,0.0075052,0.0225156,0.0075052,0.0225156,0.0075052,0.0225156,0.0075052
128,2207.61,1.23297,0.95825,1.40702,0.87461,0.77669,0.86611,0.60875,1.20719,0.78154,1.25531,0.0224562,0.0074854,0.0224562,0.0074854,0.0224562,0.0074854,0.0224562,0.0074854
129,2229.56,1.23571,0.97056,1.40761,0.87385,0.77729,0.87142,0.60788,1.23251,0.76601,1.26243,0.0223968,0.0074656,0.0223968,0.0074656,0.0223968,0.0074656,0.0223968,0.0074656
130,2244.21,1.23271,0.94611,1.40046,0.87369,0.77782,0.87325,0.60804,1.22608,0.76307,1.26566,0.0223374,0.0074458,0.0223374,0.0074458,0.0223374,0.0074458,0.0223374,0.0074458
131,2259.45,1.236,0.95859,1.39738,0.86214,0.77833,0.8649,0.60799,1.2161,0.76338,1.2661,0.022278,0.007426,0.022278,0.007426,0.022278,0.007426,0.022278,0.007426
132,2280.73,1.2268,0.95089,1.39933,0.86307,0.77893,0.86958,0.60764,1.21787,0.77578,1.26606,0.0222186,0.0074062,0.0222186,0.0074062,0.0222186,0.0074062,0.0222186,0.0074062
133,2294.6,1.21994,0.94246,1.39189,0.89456,0.77335,0.87241,0.61137,1.22453,0.75083,1.25596,0.0221592,0.0073864,0.0221592,0.0073864,0.0221592,0.0073864,0.0221592,0.0073864
134,2312.16,1.22406,0.94616,1.39224,0.88036,0.77675,0.87531,0.61133,1.22954,0.7545,1.25759,0.0220998,0.0073666,0.0220998,0.0073666,0.0220998,0.0073666,0.0220998,0.0073666
135,2328.51,1.22409,0.94532,1.39897,0.88279,0.77292,0.87427,0.609,1.22934,0.75697,1.2533,0.0220404,0.0073468,0.0220404,0.0073468,0.0220404,0.0073468,0.0220404,0.0073468
136,2342.62,1.23565,0.94517,1.39863,0.88861,0.77512,0.87506,0.60974,1.23889,0.75284,1.25087,0.021981,0.007327,0.021981,0.007327,0.021981,0.007327,0.021981,0.007327
137,2362.93,1.22581,0.93916,1.39309,0.86493,0.79342,0.87848,0.60177,1.25358,0.75506,1.25854,0.0219216,0.0073072,0.0219216,0.0073072,0.0219216,0.0073072,0.0219216,0.0073072
138,2376.44,1.21315,0.9293,1.38201,0.87362,0.78821,0.87274,0.62071,1.19427,0.73011,1.22912,0.0218622,0.0072874,0.0218622,0.0072874,0.0218622,0.0072874,0.0218622,0.0072874
139,2394.08,1.22194,0.93672,1.38657,0.88952,0.79111,0.88173,0.61557,1.23375,0.72767,1.24541,0.0218028,0.0072676,0.0218028,0.0072676,0.0218028,0.0072676,0.0218028,0.0072676
140,2410.75,1.21487,0.93296,1.3991,0.86687,0.79258,0.87942,0.61224,1.235,0.7286,1.24322,0.0217434,0.0072478,0.0217434,0.0072478,0.0217434,0.0072478,0.0217434,0.0072478
141,2424.99,1.21379,0.92977,1.38019,0.85735,0.79394,0.87808,0.61828,1.20777,0.73321,1.23729,0.021684,0.007228,0.021684,0.007228,0.021684,0.007228,0.021684,0.007228
142,2444.97,1.2122,0.91509,1.38362,0.86212,0.78161,0.87137,0.61711,1.18649,0.73582,1.23346,0.0216246,0.0072082,0.0216246,0.0072082,0.0216246,0.0072082,0.0216246,0.0072082
143,2458.34,1.21443,0.92329,1.38214,0.89648,0.7705,0.87582,0.62325,1.18069,0.72956,1.22304,0.0215652,0.0071884,0.0215652,0.0071884,0.0215652,0.0071884,0.0215652,0.0071884
144,2477.86,1.21748,0.93141,1.39061,0.88456,0.77129,0.8768,0.62074,1.20349,0.75095,1.2369,0.0215058,0.0071686,0.0215058,0.0071686,0.0215058,0.0071686,0.0215058,0.0071686
145,2494.1,1.21292,0.91722,1.37944,0.87906,0.77511,0.87702,0.62312,1.19392,0.72924,1.23036,0.0214464,0.0071488,0.0214464,0.0071488,0.0214464,0.0071488,0.0214464,0.0071488
146,2508.39,1.21516,0.92606,1.3753,0.89774,0.756,0.872,0.61997,1.19816,0.74195,1.23642,0.021387,0.007129,0.021387,0.007129,0.021387,0.007129,0.021387,0.007129
147,2527.8,1.2082,0.90476,1.36851,0.88132,0.78635,0.87888,0.62429,1.19119,0.73407,1.23222,0.0213276,0.0071092,0.0213276,0.0071092,0.0213276,0.0071092,0.0213276,0.0071092
148,2541.74,1.21278,0.91066,1.37953,0.88044,0.79585,0.88114,0.62182,1.20046,0.725,1.23469,0.0212682,0.0070894,0.0212682,0.0070894,0.0212682,0.0070894,0.0212682,0.0070894
149,2561.08,1.22577,0.9274,1.38933,0.87658,0.75985,0.86918,0.60805,1.21027,0.75126,1.24733,0.0212088,0.0070696,0.0212088,0.0070696,0.0212088,0.0070696,0.0212088,0.0070696
150,2578.48,1.20781,0.90739,1.3814,0.85528,0.78713,0.87056,0.61412,1.19469,0.75187,1.23801,0.0211494,0.0070498,0.0211494,0.0070498,0.0211494,0.0070498,0.0211494,0.0070498
151,2592.53,1.19459,0.90735,1.37473,0.85666,0.78985,0.87519,0.62045,1.17443,0.73382,1.22887,0.02109,0.00703,0.02109,0.00703,0.02109,0.00703,0.02109,0.00703
152,2613.21,1.1998,0.89948,1.37241,0.88607,0.78962,0.87984,0.62125,1.1874,0.71959,1.23827,0.0210306,0.0070102,0.0210306,0.0070102,0.0210306,0.0070102,0.0210306,0.0070102
153,2628.26,1.19335,0.89216,1.37766,0.88152,0.79197,0.87964,0.62891,1.1764,0.7123,1.23306,0.0209712,0.0069904,0.0209712,0.0069904,0.0209712,0.0069904,0.0209712,0.0069904
154,2643.81,1.20446,0.90546,1.37458,0.89431,0.78439,0.87934,0.63243,1.15401,0.71021,1.21521,0.0209118,0.0069706,0.0209118,0.0069706,0.0209118,0.0069706,0.0209118,0.0069706
155,2665.52,1.1864,0.89478,1.36754,0.89456,0.78262,0.88163,0.62824,1.17098,0.7235,1.22795,0.0208524,0.0069508,0.0208524,0.0069508,0.0208524,0.0069508,0.0208524,0.0069508
156,2680.55,1.20602,0.90374,1.37569,0.8918,0.78275,0.88015,0.6275,1.17891,0.72544,1.23193,0.020793,0.006931,0.020793,0.006931,0.020793,0.006931,0.020793,0.006931
157,2699.38,1.20391,0.90646,1.37678,0.90082,0.78985,0.88541,0.62873,1.19655,0.71494,1.23647,0.0207336,0.0069112,0.0207336,0.0069112,0.0207336,0.0069112,0.0207336,0.0069112
158,2716.75,1.19424,0.88956,1.363,0.89679,0.7873,0.88379,0.61987,1.21756,0.71829,1.23749,0.0206742,0.0068914,0.0206742,0.0068914,0.0206742,0.0068914,0.0206742,0.0068914
159,2736.02,1.20409,0.90355,1.37378,0.89083,0.7884,0.8796,0.62212,1.20301,0.71559,1.22787,0.0206148,0.0068716,0.0206148,0.0068716,0.0206148,0.0068716,0.0206148,0.0068716
160,2749.61,1.18999,0.89725,1.36972,0.88416,0.79694,0.88394,0.63137,1.1728,0.70962,1.2205,0.0205554,0.0068518,0.0205554,0.0068518,0.0205554,0.0068518,0.0205554,0.0068518
161,2770.32,1.18937,0.88839,1.36482,0.88698,0.80131,0.88756,0.63417,1.17531,0.7051,1.22374,0.020496,0.006832,0.020496,0.006832,0.020496,0.006832,0.020496,0.006832
162,2784.07,1.19386,0.88551,1.36349,0.87832,0.80513,0.88725,0.63339,1.1807,0.71762,1.22927,0.0204366,0.0068122,0.0204366,0.0068122,0.0204366,0.0068122,0.0204366,0.0068122
163,2804.83,1.20187,0.91093,1.37482,0.88743,0.81059,0.88938,0.63651,1.18073,0.71158,1.22378,0.0203772,0.0067924,0.0203772,0.0067924,0.0203772,0.0067924,0.0203772,0.0067924
164,2820.94,1.18206,0.87682,1.35666,0.89796,0.79259,0.88938,0.63555,1.1915,0.70802,1.2193,0.0203178,0.0067726,0.0203178,0.0067726,0.0203178,0.0067726,0.0203178,0.0067726
165,2835.13,1.17178,0.87472,1.35762,0.89256,0.79811,0.88787,0.63309,1.19346,0.71512,1.22477,0.0202584,0.0067528,0.0202584,0.0067528,0.0202584,0.0067528,0.0202584,0.0067528
166,2854.73,1.19178,0.89025,1.36059,0.88342,0.79694,0.88485,0.63752,1.17876,0.70816,1.22778,0.020199,0.006733,0.020199,0.006733,0.020199,0.006733,0.020199,0.006733
167,2869.5,1.17251,0.87566,1.34643,0.89638,0.79331,0.88877,0.63962,1.17058,0.69569,1.21178,0.0201396,0.0067132,0.0201396,0.0067132,0.0201396,0.0067132,0.0201396,0.0067132
168,2888.24,1.17852,0.88477,1.35841,0.88907,0.78747,0.88198,0.64075,1.16026,0.69387,1.20892,0.0200802,0.0066934,0.0200802,0.0066934,0.0200802,0.0066934,0.0200802,0.0066934
169,2905.03,1.17796,0.86978,1.3528,0.89697,0.77948,0.88339,0.63806,1.16213,0.70173,1.21102,0.0200208,0.0066736,0.0200208,0.0066736,0.0200208,0.0066736,0.0200208,0.0066736
170,2926.29,1.17004,0.86635,1.35202,0.90141,0.77402,0.88076,0.63607,1.16886,0.70132,1.21638,0.0199614,0.0066538,0.0199614,0.0066538,0.0199614,0.0066538,0.0199614,0.0066538
171,2945.81,1.17351,0.8712,1.35623,0.88945,0.7893,0.88293,0.64322,1.15355,0.69098,1.20976,0.019902,0.006634,0.019902,0.006634,0.019902,0.006634,0.019902,0.006634
172,2966.9,1.17719,0.86549,1.34797,0.90996,0.77779,0.8829,0.64408,1.1462,0.68533,1.20935,0.0198426,0.0066142,0.0198426,0.0066142,0.0198426,0.0066142,0.0198426,0.0066142
173,2987.39,1.18216,0.87689,1.35017,0.90915,0.77893,0.88379,0.64132,1.15434,0.68449,1.20969,0.0197832,0.0065944,0.0197832,0.0065944,0.0197832,0.0065944,0.0197832,0.0065944
174,3009.42,1.17734,0.86234,1.35351,0.90642,0.78384,0.88724,0.63667,1.17238,0.68484,1.21251,0.0197238,0.0065746,0.0197238,0.0065746,0.0197238,0.0065746,0.0197238,0.0065746
175,3032.7,1.15889,0.85909,1.34705,0.89055,0.79312,0.88648,0.64031,1.15174,0.6817,1.20558,0.0196644,0.0065548,0.0196644,0.0065548,0.0196644,0.0065548,0.0196644,0.0065548
176,3050.26,1.18499,0.88067,1.35743,0.90078,0.78985,0.88558,0.63875,1.15932,0.68745,1.20623,0.019605,0.006535,0.019605,0.006535,0.019605,0.006535,0.019605,0.006535
177,3073.76,1.16341,0.85178,1.34076,0.90346,0.79585,0.89062,0.64279,1.15046,0.6877,1.20183,0.0195456,0.0065152,0.0195456,0.0065152,0.0195456,0.0065152,0.0195456,0.0065152
178,3091.31,1.16777,0.8595,1.33803,0.90967,0.78657,0.88693,0.64681,1.13675,0.67884,1.19523,0.0194862,0.0064954,0.0194862,0.0064954,0.0194862,0.0064954,0.0194862,0.0064954
179,3115.16,1.1625,0.85333,1.3397,0.90805,0.77675,0.88669,0.64472,1.1328,0.67592,1.19699,0.0194268,0.0064756,0.0194268,0.0064756,0.0194268,0.0064756,0.0194268,0.0064756
180,3132.19,1.16276,0.85182,1.3416,0.90501,0.78533,0.88769,0.6456,1.13149,0.67082,1.19485,0.0193674,0.0064558,0.0193674,0.0064558,0.0193674,0.0064558,0.0193674,0.0064558
181,3155.89,1.16362,0.84816,1.33595,0.89961,0.79241,0.88925,0.64598,1.13052,0.66505,1.19109,0.019308,0.006436,0.019308,0.006436,0.019308,0.006436,0.019308,0.006436
182,3173.74,1.16013,0.85128,1.34114,0.89322,0.79907,0.89101,0.64955,1.12225,0.66238,1.18874,0.0192486,0.0064162,0.0192486,0.0064162,0.0192486,0.0064162,0.0192486,0.0064162
183,3196.52,1.18521,0.86256,1.34491,0.89776,0.78603,0.88812,0.64919,1.12021,0.66834,1.18841,0.0191892,0.0063964,0.0191892,0.0063964,0.0191892,0.0063964,0.0191892,0.0063964
184,3213.91,1.15379,0.84685,1.34177,0.89434,0.79466,0.88601,0.64962,1.11862,0.67082,1.18595,0.0191298,0.0063766,0.0191298,0.0063766,0.0191298,0.0063766,0.0191298,0.0063766
185,3237.57,1.16054,0.84989,1.33519,0.89528,0.79337,0.88896,0.65258,1.11129,0.66753,1.18407,0.0190704,0.0063568,0.0190704,0.0063568,0.0190704,0.0063568,0.0190704,0.0063568
186,3251.96,1.16844,0.84926,1.34925,0.90606,0.78493,0.88942,0.65217,1.1094,0.66656,1.18274,0.019011,0.006337,0.019011,0.006337,0.019011,0.006337,0.019011,0.006337
187,3270.82,1.15947,0.83948,1.33396,0.88362,0.81332,0.89396,0.6516,1.11903,0.66273,1.18472,0.0189516,0.0063172,0.0189516,0.0063172,0.0189516,0.0063172,0.0189516,0.0063172
188,3287.12,1.15723,0.84304,1.33565,0.88734,0.8095,0.89615,0.65124,1.11826,0.66515,1.18351,0.0188922,0.0062974,0.0188922,0.0062974,0.0188922,0.0062974,0.0188922,0.0062974
189,3316.48,1.15606,0.85021,1.34028,0.90392,0.7893,0.89412,0.65137,1.11361,0.66025,1.18013,0.0188328,0.0062776,0.0188328,0.0062776,0.0188328,0.0062776,0.0188328,0.0062776
190,3339.34,1.14819,0.84066,1.32961,0.89408,0.79858,0.89498,0.65483,1.10421,0.65785,1.17768,0.0187734,0.0062578,0.0187734,0.0062578,0.0187734,0.0062578,0.0187734,0.0062578
191,3368.08,1.15361,0.83822,1.32968,0.87867,0.81431,0.89459,0.65368,1.10421,0.66098,1.17802,0.018714,0.006238,0.018714,0.006238,0.018714,0.006238,0.018714,0.006238
192,3398.38,1.1567,0.84568,1.34075,0.87673,0.8114,0.89486,0.65331,1.10424,0.66576,1.17557,0.0186546,0.0062182,0.0186546,0.0062182,0.0186546,0.0062182,0.0186546,0.0062182
193,3428.15,1.15249,0.84353,1.33275,0.87802,0.81331,0.89114,0.65288,1.10353,0.66178,1.17342,0.0185952,0.0061984,0.0185952,0.0061984,0.0185952,0.0061984,0.0185952,0.0061984
194,3447.67,1.14259,0.83069,1.32248,0.88879,0.80568,0.89485,0.65663,1.10189,0.65573,1.17238,0.0185358,0.0061786,0.0185358,0.0061786,0.0185358,0.0061786,0.0185358,0.0061786
195,3492.22,1.15138,0.84327,1.32862,0.88897,0.80568,0.89196,0.65675,1.09975,0.66004,1.17212,0.0184764,0.0061588,0.0184764,0.0061588,0.0184764,0.0061588,0.0184764,0.0061588
196,3505.96,1.14405,0.83204,1.32079,0.89406,0.80786,0.89489,0.65856,1.09391,0.66147,1.16856,0.018417,0.006139,0.018417,0.006139,0.018417,0.006139,0.018417,0.006139
197,3549.42,1.14822,0.82601,1.31705,0.88234,0.81867,0.89828,0.65959,1.09916,0.65697,1.16715,0.0183576,0.0061192,0.0183576,0.0061192,0.0183576,0.0061192,0.0183576,0.0061192
198,3566.46,1.13797,0.83091,1.32325,0.87053,0.82915,0.8972,0.65888,1.09793,0.65811,1.16432,0.0182982,0.0060994,0.0182982,0.0060994,0.0182982,0.0060994,0.0182982,0.0060994
199,3612.72,1.13936,0.83071,1.32124,0.87888,0.81992,0.89765,0.661,1.0962,0.65762,1.16233,0.0182388,0.0060796,0.0182388,0.0060796,0.0182388,0.0060796,0.0182388,0.0060796
200,3655.52,1.13599,0.81096,1.31803,0.88267,0.82128,0.89791,0.66323,1.09592,0.65871,1.16102,0.0181794,0.0060598,0.0181794,0.0060598,0.0181794,0.0060598,0.0181794,0.0060598
201,3668.61,1.13671,0.81897,1.32016,0.88359,0.81621,0.89692,0.66088,1.09897,0.66076,1.16227,0.01812,0.00604,0.01812,0.00604,0.01812,0.00604,0.01812,0.00604
202,3684.85,1.1414,0.82215,1.31943,0.89771,0.81059,0.89614,0.66158,1.09764,0.65971,1.16116,0.0180606,0.0060202,0.0180606,0.0060202,0.0180606,0.0060202,0.0180606,0.0060202
203,3704.11,1.1385,0.82229,1.32118,0.89381,0.81784,0.89629,0.66435,1.0953,0.65566,1.15912,0.0180012,0.0060004,0.0180012,0.0060004,0.0180012,0.0060004,0.0180012,0.0060004
204,3718.09,1.14522,0.82568,1.31835,0.91307,0.80459,0.89662,0.662,1.09825,0.6542,1.15952,0.0179418,0.0059806,0.0179418,0.0059806,0.0179418,0.0059806,0.0179418,0.0059806
205,3738.47,1.12417,0.81657,1.31374,0.90523,0.80841,0.89705,0.66224,1.10034,0.64982,1.15939,0.0178824,0.0059608,0.0178824,0.0059608,0.0178824,0.0059608,0.0178824,0.0059608
206,3752.16,1.13438,0.81329,1.31778,0.91662,0.80406,0.89523,0.66362,1.09917,0.6478,1.15982,0.017823,0.005941,0.017823,0.005941,0.017823,0.005941,0.017823,0.005941
207,3769.82,1.12833,0.81368,1.30357,0.91386,0.79917,0.89632,0.66551,1.09423,0.643,1.15728,0.0177636,0.0059212,0.0177636,0.0059212,0.0177636,0.0059212,0.0177636,0.0059212
208,3786.94,1.13205,0.81298,1.30764,0.91106,0.80515,0.89775,0.66766,1.09301,0.64282,1.15763,0.0177042,0.0059014,0.0177042,0.0059014,0.0177042,0.0059014,0.0177042,0.0059014
209,3800.6,1.12069,0.81873,1.30716,0.90953,0.80513,0.89842,0.66785,1.08654,0.63648,1.15397,0.0176448,0.0058816,0.0176448,0.0058816,0.0176448,0.0058816,0.0176448,0.0058816
210,3820.44,1.12137,0.80838,1.31392,0.91356,0.8024,0.89876,0.66802,1.08351,0.63958,1.15595,0.0175854,0.0058618,0.0175854,0.0058618,0.0175854,0.0058618,0.0175854,0.0058618
211,3834.5,1.12988,0.81314,1.31559,0.90966,0.80459,0.89907,0.66815,1.08209,0.64049,1.15552,0.017526,0.005842,0.017526,0.005842,0.017526,0.005842,0.017526,0.005842
212,3860.6,1.12003,0.79729,1.30518,0.90769,0.80512,0.89958,0.66753,1.08213,0.63856,1.15586,0.0174666,0.0058222,0.0174666,0.0058222,0.0174666,0.0058222,0.0174666,0.0058222
213,3880.03,1.12364,0.81663,1.31027,0.91203,0.79796,0.89805,0.66615,1.0819,0.63982,1.15485,0.0174072,0.0058024,0.0174072,0.0058024,0.0174072,0.0058024,0.0174072,0.0058024
214,3902.99,1.11962,0.79945,1.30713,0.90324,0.80186,0.89757,0.66507,1.08035,0.63672,1.15416,0.0173478,0.0057826,0.0173478,0.0057826,0.0173478,0.0057826,0.0173478,0.0057826
215,3924.61,1.12537,0.8061,1.30194,0.89837,0.80349,0.8982,0.66506,1.08066,0.64057,1.15272,0.0172884,0.0057628,0.0172884,0.0057628,0.0172884,0.0057628,0.0172884,0.0057628
216,3949.7,1.12039,0.80274,1.31153,0.90064,0.8114,0.89943,0.66759,1.08043,0.64049,1.15186,0.017229,0.005743,0.017229,0.005743,0.017229,0.005743,0.017229,0.005743
217,3971.62,1.11822,0.78608,1.30133,0.90201,0.81496,0.9022,0.66753,1.07953,0.63655,1.14983,0.0171696,0.0057232,0.0171696,0.0057232,0.0171696,0.0057232,0.0171696,0.0057232
218,3995.25,1.10963,0.79667,1.30232,0.9009,0.81823,0.90315,0.67018,1.07798,0.63026,1.14888,0.0171102,0.0057034,0.0171102,0.0057034,0.0171102,0.0057034,0.0171102,0.0057034
219,4020.46,1.1177,0.80432,1.30001,0.90422,0.81421,0.90258,0.67024,1.0709,0.62676,1.14624,0.0170508,0.0056836,0.0170508,0.0056836,0.0170508,0.0056836,0.0170508,0.0056836
220,4041.98,1.11348,0.80304,1.29989,0.90422,0.81421,0.9022,0.67065,1.07025,0.62519,1.14655,0.0169914,0.0056638,0.0169914,0.0056638,0.0169914,0.0056638,0.0169914,0.0056638
221,4057.33,1.11737,0.80267,1.30725,0.89709,0.81878,0.9023,0.66986,1.07259,0.62574,1.14671,0.016932,0.005644,0.016932,0.005644,0.016932,0.005644,0.016932,0.005644
222,4075.76,1.10679,0.80454,1.29993,0.89997,0.81878,0.90234,0.67016,1.07342,0.6284,1.148,0.0168726,0.0056242,0.0168726,0.0056242,0.0168726,0.0056242,0.0168726,0.0056242
223,4093.56,1.12288,0.80948,1.30471,0.90036,0.81823,0.90417,0.67076,1.08218,0.62769,1.15268,0.0168132,0.0056044,0.0168132,0.0056044,0.0168132,0.0056044,0.0168132,0.0056044
224,4110.84,1.11229,0.78875,1.30044,0.89717,0.81714,0.90127,0.67017,1.08322,0.62744,1.15355,0.0167538,0.0055846,0.0167538,0.0055846,0.0167538,0.0055846,0.0167538,0.0055846
225,4126.95,1.11235,0.80094,1.29776,0.89905,0.81878,0.90212,0.66959,1.08073,0.62794,1.15178,0.0166944,0.0055648,0.0166944,0.0055648,0.0166944,0.0055648,0.0166944,0.0055648
226,4144.08,1.11118,0.80154,1.2996,0.90195,0.81441,0.90281,0.67112,1.07563,0.62712,1.14922,0.016635,0.005545,0.016635,0.005545,0.016635,0.005545,0.016635,0.005545
227,4162.21,1.09632,0.78328,1.29849,0.90866,0.81496,0.90431,0.66989,1.07808,0.62694,1.15083,0.0165756,0.0055252,0.0165756,0.0055252,0.0165756,0.0055252,0.0165756,0.0055252
228,4179.45,1.10066,0.78064,1.28998,0.90734,0.81605,0.90299,0.66978,1.07788,0.62861,1.1512,0.0165162,0.0055054,0.0165162,0.0055054,0.0165162,0.0055054,0.0165162,0.0055054
229,4195.71,1.10543,0.78145,1.28786,0.90766,0.81386,0.90117,0.67025,1.0767,0.63167,1.15222,0.0164568,0.0054856,0.0164568,0.0054856,0.0164568,0.0054856,0.0164568,0.0054856
230,4212.85,1.11114,0.79191,1.29239,0.90547,0.81878,0.90038,0.66962,1.07339,0.63219,1.15172,0.0163974,0.0054658,0.0163974,0.0054658,0.0163974,0.0054658,0.0163974,0.0054658
231,4230.79,1.1072,0.78137,1.28822,0.90732,0.81932,0.90101,0.67128,1.07472,0.63114,1.15246,0.016338,0.005446,0.016338,0.005446,0.016338,0.005446,0.016338,0.005446
232,4247.03,1.09466,0.76632,1.28141,0.90603,0.81769,0.89993,0.67132,1.07442,0.62964,1.15201,0.0162786,0.0054262,0.0162786,0.0054262,0.0162786,0.0054262,0.0162786,0.0054262
233,4263.65,1.10423,0.77499,1.29035,0.91158,0.8104,0.90164,0.67249,1.07389,0.62823,1.15186,0.0162192,0.0054064,0.0162192,0.0054064,0.0162192,0.0054064,0.0162192,0.0054064
234,4283.05,1.09154,0.77514,1.27465,0.90549,0.81769,0.90283,0.67271,1.07552,0.62906,1.15216,0.0161598,0.0053866,0.0161598,0.0053866,0.0161598,0.0053866,0.0161598,0.0053866
235,4301.01,1.10322,0.79458,1.29574,0.91191,0.81368,0.90245,0.67243,1.07373,0.62942,1.15117,0.0161004,0.0053668,0.0161004,0.0053668,0.0161004,0.0053668,0.0161004,0.0053668
236,4316.98,1.09762,0.78113,1.2811,0.90816,0.81714,0.90168,0.67303,1.07383,0.62977,1.15011,0.016041,0.005347,0.016041,0.005347,0.016041,0.005347,0.016041,0.005347
237,4335.06,1.08432,0.77713,1.28091,0.90647,0.82001,0.90266,0.67272,1.07186,0.62669,1.14949,0.0159816,0.0053272,0.0159816,0.0053272,0.0159816,0.0053272,0.0159816,0.0053272
238,4353.42,1.09835,0.77838,1.2855,0.902,0.81823,0.90162,0.67325,1.07012,0.62683,1.1489,0.0159222,0.0053074,0.0159222,0.0053074,0.0159222,0.0053074,0.0159222,0.0053074
239,4369.04,1.08979,0.78142,1.28564,0.90004,0.82096,0.90217,0.67377,1.0688,0.62623,1.14838,0.0158628,0.0052876,0.0158628,0.0052876,0.0158628,0.0052876,0.0158628,0.0052876
240,4385.52,1.08878,0.76612,1.28503,0.90545,0.82072,0.90246,0.6744,1.06588,0.62389,1.14601,0.0158034,0.0052678,0.0158034,0.0052678,0.0158034,0.0052678,0.0158034,0.0052678
241,4404.24,1.07934,0.77318,1.28089,0.90577,0.81854,0.90285,0.67425,1.06538,0.6237,1.1458,0.015744,0.005248,0.015744,0.005248,0.015744,0.005248,0.015744,0.005248
242,4417.81,1.08472,0.77134,1.27378,0.90526,0.81891,0.90226,0.6746,1.06504,0.62382,1.14467,0.0156846,0.0052282,0.0156846,0.0052282,0.0156846,0.0052282,0.0156846,0.0052282
243,4430.09,1.0838,0.76284,1.27326,0.90948,0.81716,0.90209,0.67371,1.06522,0.62261,1.1443,0.0156252,0.0052084,0.0156252,0.0052084,0.0156252,0.0052084,0.0156252,0.0052084
244,4442.07,1.07952,0.76696,1.27491,0.90986,0.81769,0.90257,0.67437,1.06297,0.61978,1.14348,0.0155658,0.0051886,0.0155658,0.0051886,0.0155658,0.0051886,0.0155658,0.0051886
245,4454.02,1.07973,0.76742,1.28478,0.91127,0.81286,0.90209,0.67558,1.05956,0.61838,1.14143,0.0155064,0.0051688,0.0155064,0.0051688,0.0155064,0.0051688,0.0155064,0.0051688
246,4466.15,1.09032,0.76468,1.27527,0.91017,0.81496,0.90074,0.67509,1.05784,0.61885,1.1407,0.015447,0.005149,0.015447,0.005149,0.015447,0.005149,0.015447,0.005149
247,4478.26,1.08798,0.77962,1.28148,0.91147,0.81487,0.90091,0.67497,1.05818,0.61814,1.14151,0.0153876,0.0051292,0.0153876,0.0051292,0.0153876,0.0051292,0.0153876,0.0051292
248,4490.32,1.0753,0.76654,1.27183,0.91252,0.81423,0.90124,0.67509,1.05689,0.61727,1.14142,0.0153282,0.0051094,0.0153282,0.0051094,0.0153282,0.0051094,0.0153282,0.0051094
249,4502.37,1.07767,0.76691,1.28304,0.91339,0.81168,0.90092,0.67641,1.05489,0.61591,1.1409,0.0152688,0.0050896,0.0152688,0.0050896,0.0152688,0.0050896,0.0152688,0.0050896
250,4514.41,1.07605,0.77062,1.27875,0.91691,0.81059,0.90085,0.67722,1.05407,0.61411,1.14062,0.0152094,0.0050698,0.0152094,0.0050698,0.0152094,0.0050698,0.0152094,0.0050698
251,4526.51,1.07388,0.75187,1.26849,0.91122,0.81239,0.90046,0.67739,1.05325,0.61285,1.13998,0.01515,0.00505,0.01515,0.00505,0.01515,0.00505,0.01515,0.00505
252,4538.58,1.08118,0.7569,1.27338,0.91579,0.81329,0.90252,0.67834,1.05087,0.61277,1.13842,0.0150906,0.0050302,0.0150906,0.0050302,0.0150906,0.0050302,0.0150906,0.0050302
253,4550.62,1.07758,0.76946,1.27492,0.91587,0.81386,0.90245,0.67855,1.04928,0.61204,1.1367,0.0150312,0.0050104,0.0150312,0.0050104,0.0150312,0.0050104,0.0150312,0.0050104
254,4562.67,1.0794,0.77038,1.27828,0.91425,0.81386,0.90268,0.67874,1.04907,0.61078,1.13642,0.0149718,0.0049906,0.0149718,0.0049906,0.0149718,0.0049906,0.0149718,0.0049906
255,4574.8,1.07885,0.76262,1.28037,0.91294,0.81605,0.90195,0.67968,1.04751,0.61011,1.1361,0.0149124,0.0049708,0.0149124,0.0049708,0.0149124,0.0049708,0.0149124,0.0049708
256,4586.89,1.06753,0.75409,1.26673,0.9141,0.81714,0.90179,0.67927,1.04683,0.6109,1.13561,0.014853,0.004951,0.014853,0.004951,0.014853,0.004951,0.014853,0.004951
257,4598.84,1.07687,0.74632,1.27109,0.91433,0.81562,0.90284,0.68047,1.04532,0.61018,1.13493,0.0147936,0.0049312,0.0147936,0.0049312,0.0147936,0.0049312,0.0147936,0.0049312
258,4610.77,1.0669,0.74503,1.26889,0.91815,0.81439,0.90389,0.67983,1.04491,0.60909,1.13473,0.0147342,0.0049114,0.0147342,0.0049114,0.0147342,0.0049114,0.0147342,0.0049114
259,4622.84,1.05273,0.74011,1.25886,0.91329,0.81659,0.90366,0.68126,1.04402,0.60837,1.13396,0.0146748,0.0048916,0.0146748,0.0048916,0.0146748,0.0048916,0.0146748,0.0048916
260,4634.89,1.07115,0.75361,1.26721,0.90743,0.82407,0.90254,0.68118,1.04377,0.60684,1.13391,0.0146154,0.0048718,0.0146154,0.0048718,0.0146154,0.0048718,0.0146154,0.0048718
261,4646.9,1.06491,0.74677,1.26241,0.9175,0.81349,0.90316,0.68196,1.04374,0.60659,1.13359,0.014556,0.004852,0.014556,0.004852,0.014556,0.004852,0.014556,0.004852
262,4659,1.04935,0.74665,1.26082,0.91381,0.81823,0.90205,0.68267,1.04438,0.60493,1.13332,0.0144966,0.0048322,0.0144966,0.0048322,0.0144966,0.0048322,0.0144966,0.0048322
263,4671.26,1.07299,0.7494,1.27028,0.91018,0.81864,0.90172,0.68239,1.04527,0.60385,1.13272,0.0144372,0.0048124,0.0144372,0.0048124,0.0144372,0.0048124,0.0144372,0.0048124
264,4683.51,1.06824,0.74839,1.25547,0.91036,0.82096,0.90221,0.68283,1.04441,0.60205,1.13151,0.0143778,0.0047926,0.0143778,0.0047926,0.0143778,0.0047926,0.0143778,0.0047926
265,4695.66,1.06879,0.7534,1.2664,0.9094,0.82181,0.90278,0.68278,1.04353,0.60176,1.13125,0.0143184,0.0047728,0.0143184,0.0047728,0.0143184,0.0047728,0.0143184,0.0047728
266,4707.84,1.06179,0.74608,1.25984,0.90799,0.8226,0.90308,0.68309,1.04257,0.60132,1.13056,0.014259,0.004753,0.014259,0.004753,0.014259,0.004753,0.014259,0.004753
267,4720.06,1.06027,0.73169,1.25646,0.90899,0.82151,0.90249,0.68336,1.0424,0.60039,1.12977,0.0141996,0.0047332,0.0141996,0.0047332,0.0141996,0.0047332,0.0141996,0.0047332
268,4732.19,1.07083,0.74955,1.26017,0.91264,0.82041,0.90254,0.68445,1.04252,0.60093,1.1295,0.0141402,0.0047134,0.0141402,0.0047134,0.0141402,0.0047134,0.0141402,0.0047134
269,4744.22,1.06544,0.73659,1.26216,0.90717,0.82314,0.90252,0.6852,1.04226,0.601,1.12954,0.0140808,0.0046936,0.0140808,0.0046936,0.0140808,0.0046936,0.0140808,0.0046936
270,4756.36,1.05527,0.73289,1.2599,0.90504,0.81932,0.90272,0.6851,1.0403,0.60124,1.12795,0.0140214,0.0046738,0.0140214,0.0046738,0.0140214,0.0046738,0.0140214,0.0046738
271,4768.47,1.05583,0.74011,1.25237,0.90801,0.81769,0.90335,0.68602,1.03923,0.60032,1.1273,0.013962,0.004654,0.013962,0.004654,0.013962,0.004654,0.013962,0.004654
272,4780.5,1.05145,0.73102,1.25421,0.91166,0.81681,0.90311,0.68555,1.03863,0.59944,1.12721,0.0139026,0.0046342,0.0139026,0.0046342,0.0139026,0.0046342,0.0139026,0.0046342
273,4792.44,1.0545,0.72974,1.25385,0.91279,0.8155,0.90343,0.68595,1.03825,0.59868,1.12599,0.0138432,0.0046144,0.0138432,0.0046144,0.0138432,0.0046144,0.0138432,0.0046144
274,4804.67,1.04678,0.74032,1.25166,0.91174,0.81441,0.90358,0.68647,1.03749,0.59826,1.12496,0.0137838,0.0045946,0.0137838,0.0045946,0.0137838,0.0045946,0.0137838,0.0045946
275,4817.08,1.04061,0.72442,1.24516,0.9102,0.81496,0.90301,0.68743,1.03654,0.59748,1.12415,0.0137244,0.0045748,0.0137244,0.0045748,0.0137244,0.0045748,0.0137244,0.0045748
276,4829.52,1.05058,0.73567,1.25268,0.91259,0.81496,0.90322,0.6878,1.03621,0.59733,1.12438,0.013665,0.004555,0.013665,0.004555,0.013665,0.004555,0.013665,0.004555
277,4841.76,1.03663,0.71993,1.23988,0.91705,0.81277,0.90338,0.68793,1.03595,0.59624,1.12389,0.0136056,0.0045352,0.0136056,0.0045352,0.0136056,0.0045352,0.0136056,0.0045352
278,4854.03,1.03923,0.71899,1.23903,0.91788,0.81386,0.90379,0.68822,1.0354,0.59541,1.12304,0.0135462,0.0045154,0.0135462,0.0045154,0.0135462,0.0045154,0.0135462,0.0045154
279,4866.21,1.0395,0.70701,1.24532,0.9214,0.81059,0.90384,0.68862,1.0348,0.59596,1.12252,0.0134868,0.0044956,0.0134868,0.0044956,0.0134868,0.0044956,0.0134868,0.0044956
280,4878.24,1.04209,0.70626,1.24341,0.9166,0.81591,0.90467,0.68971,1.03444,0.59432,1.12175,0.0134274,0.0044758,0.0134274,0.0044758,0.0134274,0.0044758,0.0134274,0.0044758
281,4890.48,1.02699,0.71103,1.23665,0.91732,0.81605,0.90459,0.68911,1.03346,0.59352,1.12116,0.013368,0.004456,0.013368,0.004456,0.013368,0.004456,0.013368,0.004456
282,4902.75,1.03144,0.71419,1.23788,0.91592,0.8155,0.90438,0.68911,1.03299,0.59302,1.12096,0.0133086,0.0044362,0.0133086,0.0044362,0.0133086,0.0044362,0.0133086,0.0044362
283,4915.14,1.03866,0.72719,1.24701,0.92583,0.81059,0.90412,0.68886,1.03322,0.59384,1.12078,0.0132492,0.0044164,0.0132492,0.0044164,0.0132492,0.0044164,0.0132492,0.0044164
284,4927.3,1.04009,0.72503,1.24563,0.91653,0.81714,0.90348,0.68872,1.03271,0.59284,1.12032,0.0131898,0.0043966,0.0131898,0.0043966,0.0131898,0.0043966,0.0131898,0.0043966
285,4939.31,1.03713,0.71907,1.23963,0.91825,0.8155,0.90451,0.68942,1.03185,0.59262,1.11974,0.0131304,0.0043768,0.0131304,0.0043768,0.0131304,0.0043768,0.0131304,0.0043768
286,4952.93,1.04011,0.73088,1.2402,0.91715,0.81578,0.90426,0.6895,1.03108,0.59262,1.11889,0.013071,0.004357,0.013071,0.004357,0.013071,0.004357,0.013071,0.004357
287,4971.23,1.03674,0.72513,1.24695,0.91434,0.81987,0.90436,0.69014,1.03065,0.59322,1.11861,0.0130116,0.0043372,0.0130116,0.0043372,0.0130116,0.0043372,0.0130116,0.0043372
288,4983.33,1.02401,0.72097,1.23831,0.91503,0.81709,0.90484,0.69007,1.02988,0.59322,1.11752,0.0129522,0.0043174,0.0129522,0.0043174,0.0129522,0.0043174,0.0129522,0.0043174
289,4995.35,1.04742,0.72621,1.25279,0.91883,0.8155,0.9045,0.6892,1.02927,0.5928,1.11731,0.0128928,0.0042976,0.0128928,0.0042976,0.0128928,0.0042976,0.0128928,0.0042976
290,5007.37,1.02865,0.71456,1.2444,0.91341,0.81769,0.90404,0.68947,1.02913,0.59267,1.11719,0.0128334,0.0042778,0.0128334,0.0042778,0.0128334,0.0042778,0.0128334,0.0042778
291,5019.41,1.03905,0.71979,1.23909,0.91527,0.81987,0.90467,0.6896,1.02775,0.59323,1.11663,0.012774,0.004258,0.012774,0.004258,0.012774,0.004258,0.012774,0.004258
292,5035.19,1.03306,0.71229,1.23898,0.91636,0.81823,0.9035,0.68938,1.02765,0.59276,1.1164,0.0127146,0.0042382,0.0127146,0.0042382,0.0127146,0.0042382,0.0127146,0.0042382
293,5051.83,1.03042,0.716,1.24569,0.91716,0.81823,0.90456,0.69041,1.0272,0.59311,1.11603,0.0126552,0.0042184,0.0126552,0.0042184,0.0126552,0.0042184,0.0126552,0.0042184
294,5063.96,1.02374,0.71314,1.23602,0.91572,0.81844,0.90495,0.69105,1.02714,0.59216,1.11564,0.0125958,0.0041986,0.0125958,0.0041986,0.0125958,0.0041986,0.0125958,0.0041986
295,5076.29,1.02513,0.70627,1.23351,0.91721,0.81659,0.90526,0.6903,1.02694,0.59133,1.11531,0.0125364,0.0041788,0.0125364,0.0041788,0.0125364,0.0041788,0.0125364,0.0041788
296,5088.43,1.03439,0.71341,1.23849,0.91782,0.81689,0.90516,0.69056,1.02658,0.59062,1.11479,0.012477,0.004159,0.012477,0.004159,0.012477,0.004159,0.012477,0.004159
297,5100.64,1.02756,0.70965,1.2378,0.91992,0.81511,0.9053,0.69078,1.0257,0.59097,1.11432,0.0124176,0.0041392,0.0124176,0.0041392,0.0124176,0.0041392,0.0124176,0.0041392
298,5112.68,1.02286,0.70099,1.23605,0.91832,0.81622,0.90537,0.69152,1.02455,0.59035,1.11361,0.0123582,0.0041194,0.0123582,0.0041194,0.0123582,0.0041194,0.0123582,0.0041194
299,5124.77,1.01654,0.70184,1.2318,0.91978,0.81496,0.90602,0.69165,1.02348,0.58955,1.11316,0.0122988,0.0040996,0.0122988,0.0040996,0.0122988,0.0040996,0.0122988,0.0040996
300,5136.79,1.03656,0.71244,1.23772,0.92083,0.81714,0.90673,0.69134,1.0231,0.58933,1.11271,0.0122394,0.0040798,0.0122394,0.0040798,0.0122394,0.0040798,0.0122394,0.0040798
301,5155.1,1.02015,0.70169,1.23274,0.92327,0.8155,0.90691,0.69164,1.02287,0.58893,1.11228,0.01218,0.00406,0.01218,0.00406,0.01218,0.00406,0.01218,0.00406
302,5170.78,1.02386,0.7035,1.22951,0.92247,0.81187,0.90545,0.69186,1.02216,0.58831,1.11183,0.0121206,0.0040402,0.0121206,0.0040402,0.0121206,0.0040402,0.0121206,0.0040402
303,5190.83,1.03592,0.7158,1.23826,0.91967,0.81659,0.90588,0.69205,1.02154,0.58784,1.11126,0.0120612,0.0040204,0.0120612,0.0040204,0.0120612,0.0040204,0.0120612,0.0040204
304,5204.38,1.01956,0.70016,1.23063,0.91937,0.81531,0.90558,0.69196,1.02162,0.58804,1.1113,0.0120018,0.0040006,0.0120018,0.0040006,0.0120018,0.0040006,0.0120018,0.0040006
305,5222.7,1.02176,0.71264,1.23143,0.92152,0.81405,0.90597,0.6923,1.02106,0.58813,1.11081,0.0119424,0.0039808,0.0119424,0.0039808,0.0119424,0.0039808,0.0119424,0.0039808
306,5240.53,1.01691,0.7008,1.22776,0.921,0.81452,0.90588,0.69209,1.0204,0.58819,1.1102,0.011883,0.003961,0.011883,0.003961,0.011883,0.003961,0.011883,0.003961
307,5257.02,1.01181,0.70465,1.22917,0.92096,0.81496,0.90551,0.69255,1.02002,0.58813,1.11001,0.0118236,0.0039412,0.0118236,0.0039412,0.0118236,0.0039412,0.0118236,0.0039412
308,5272.73,1.01681,0.69877,1.22965,0.92124,0.81496,0.90585,0.69273,1.01977,0.58822,1.10996,0.0117642,0.0039214,0.0117642,0.0039214,0.0117642,0.0039214,0.0117642,0.0039214
309,5294.15,1.02412,0.71105,1.22941,0.91999,0.81496,0.90629,0.69353,1.01924,0.58846,1.10959,0.0117048,0.0039016,0.0117048,0.0039016,0.0117048,0.0039016,0.0117048,0.0039016
310,5307.87,1.00502,0.69633,1.22287,0.92055,0.81587,0.90593,0.69279,1.01865,0.58792,1.10911,0.0116454,0.0038818,0.0116454,0.0038818,0.0116454,0.0038818,0.0116454,0.0038818
311,5326.33,1.02335,0.71317,1.23371,0.91969,0.81659,0.9061,0.69305,1.01773,0.58751,1.10855,0.011586,0.003862,0.011586,0.003862,0.011586,0.003862,0.011586,0.003862
312,5343.48,1.01294,0.70017,1.22415,0.91892,0.81714,0.90675,0.69344,1.01745,0.58689,1.10845,0.0115266,0.0038422,0.0115266,0.0038422,0.0115266,0.0038422,0.0115266,0.0038422
313,5356.46,0.9992,0.69183,1.21857,0.91842,0.81733,0.90702,0.69381,1.01733,0.58713,1.10857,0.0114672,0.0038224,0.0114672,0.0038224,0.0114672,0.0038224,0.0114672,0.0038224
314,5379.11,1.00912,0.70338,1.22478,0.91954,0.81719,0.90613,0.69363,1.01738,0.58671,1.10836,0.0114078,0.0038026,0.0114078,0.0038026,0.0114078,0.0038026,0.0114078,0.0038026
315,5404.26,1.00563,0.6929,1.22018,0.92322,0.81496,0.90626,0.69344,1.01697,0.58606,1.10784,0.0113484,0.0037828,0.0113484,0.0037828,0.0113484,0.0037828,0.0113484,0.0037828
316,5423.63,1.00647,0.69461,1.22408,0.92118,0.8155,0.90647,0.6935,1.01611,0.58613,1.10731,0.011289,0.003763,0.011289,0.003763,0.011289,0.003763,0.011289,0.003763
317,5449.11,1.00038,0.6899,1.21361,0.92129,0.8155,0.90632,0.69438,1.01553,0.58574,1.10694,0.0112296,0.0037432,0.0112296,0.0037432,0.0112296,0.0037432,0.0112296,0.0037432
318,5469.95,1.01358,0.69738,1.223,0.91033,0.82478,0.9071,0.69423,1.01552,0.58543,1.10697,0.0111702,0.0037234,0.0111702,0.0037234,0.0111702,0.0037234,0.0111702,0.0037234
319,5492.91,1.00251,0.69406,1.22498,0.91232,0.82369,0.90662,0.69461,1.01543,0.58463,1.10692,0.0111108,0.0037036,0.0111108,0.0037036,0.0111108,0.0037036,0.0111108,0.0037036
320,5514.91,0.99848,0.68735,1.2153,0.90677,0.82824,0.90665,0.69398,1.01543,0.5847,1.10694,0.0110514,0.0036838,0.0110514,0.0036838,0.0110514,0.0036838,0.0110514,0.0036838
321,5534.59,0.99484,0.68957,1.21916,0.90415,0.82902,0.9071,0.69436,1.01526,0.58427,1.10681,0.010992,0.003664,0.010992,0.003664,0.010992,0.003664,0.010992,0.003664
322,5556.95,1.00925,0.69847,1.22114,0.90424,0.83079,0.90716,0.69469,1.01529,0.58396,1.107,0.0109326,0.0036442,0.0109326,0.0036442,0.0109326,0.0036442,0.0109326,0.0036442
323,5578.9,1.01126,0.69517,1.22704,0.90421,0.83079,0.90695,0.6948,1.01527,0.5839,1.10709,0.0108732,0.0036244,0.0108732,0.0036244,0.0108732,0.0036244,0.0108732,0.0036244
324,5597.91,1.00103,0.68655,1.21918,0.90322,0.83032,0.90681,0.69487,1.01482,0.58289,1.10677,0.0108138,0.0036046,0.0108138,0.0036046,0.0108138,0.0036046,0.0108138,0.0036046
325,5619.72,0.99537,0.67293,1.21823,0.90338,0.83185,0.9074,0.69506,1.01426,0.58274,1.10638,0.0107544,0.0035848,0.0107544,0.0035848,0.0107544,0.0035848,0.0107544,0.0035848
326,5642.69,1.00288,0.6949,1.21669,0.90293,0.83265,0.90762,0.69528,1.01366,0.58214,1.10624,0.010695,0.003565,0.010695,0.003565,0.010695,0.003565,0.010695,0.003565
327,5661.91,0.98087,0.66834,1.20784,0.90252,0.83297,0.90773,0.69479,1.01365,0.58208,1.10609,0.0106356,0.0035452,0.0106356,0.0035452,0.0106356,0.0035452,0.0106356,0.0035452
328,5682.64,0.98969,0.67359,1.20503,0.90264,0.83515,0.90789,0.69559,1.01357,0.58189,1.10608,0.0105762,0.0035254,0.0105762,0.0035254,0.0105762,0.0035254,0.0105762,0.0035254
329,5705.24,0.97918,0.67207,1.20876,0.90207,0.83462,0.90734,0.69576,1.01328,0.58137,1.10629,0.0105168,0.0035056,0.0105168,0.0035056,0.0105168,0.0035056,0.0105168,0.0035056
330,5724.44,0.98871,0.67426,1.20897,0.90473,0.8346,0.90784,0.69643,1.01329,0.5816,1.10617,0.0104574,0.0034858,0.0104574,0.0034858,0.0104574,0.0034858,0.0104574,0.0034858
331,5748.91,0.98745,0.673,1.20229,0.90273,0.83586,0.90751,0.69596,1.01297,0.58123,1.10604,0.010398,0.003466,0.010398,0.003466,0.010398,0.003466,0.010398,0.003466
332,5769.61,0.98742,0.66923,1.20734,0.9032,0.83526,0.90657,0.69598,1.01256,0.5811,1.10551,0.0103386,0.0034462,0.0103386,0.0034462,0.0103386,0.0034462,0.0103386,0.0034462
333,5785.45,0.97207,0.66731,1.19908,0.90426,0.8357,0.90685,0.69679,1.01277,0.58139,1.10525,0.0102792,0.0034264,0.0102792,0.0034264,0.0102792,0.0034264,0.0102792,0.0034264
334,5803.66,0.99175,0.679,1.20862,0.90419,0.83461,0.90676,0.6966,1.01183,0.58084,1.10437,0.0102198,0.0034066,0.0102198,0.0034066,0.0102198,0.0034066,0.0102198,0.0034066
335,5817.89,0.97904,0.67543,1.20558,0.90616,0.83279,0.90689,0.69651,1.0112,0.58035,1.10392,0.0101604,0.0033868,0.0101604,0.0033868,0.0101604,0.0033868,0.0101604,0.0033868
336,5835.58,0.98388,0.68361,1.21149,0.90688,0.8346,0.90794,0.69682,1.01166,0.57987,1.10451,0.010101,0.003367,0.010101,0.003367,0.010101,0.003367,0.010101,0.003367
337,5848.91,0.98453,0.68272,1.20953,0.90628,0.83397,0.90727,0.69654,1.01133,0.57997,1.10442,0.0100416,0.0033472,0.0100416,0.0033472,0.0100416,0.0033472,0.0100416,0.0033472
338,5866.43,0.9747,0.67195,1.19818,0.90787,0.83377,0.90783,0.69674,1.01116,0.57991,1.10427,0.0099822,0.0033274,0.0099822,0.0033274,0.0099822,0.0033274,0.0099822,0.0033274
339,5880,0.97915,0.66477,1.1985,0.90674,0.83406,0.90822,0.69641,1.01053,0.58003,1.10334,0.0099228,0.0033076,0.0099228,0.0033076,0.0099228,0.0033076,0.0099228,0.0033076
340,5897.08,0.98492,0.67407,1.20823,0.90891,0.83338,0.90816,0.69582,1.01046,0.58025,1.10317,0.0098634,0.0032878,0.0098634,0.0032878,0.0098634,0.0032878,0.0098634,0.0032878
341,5910.35,0.98228,0.67087,1.20125,0.90885,0.83277,0.90792,0.69645,1.01005,0.58011,1.10275,0.009804,0.003268,0.009804,0.003268,0.009804,0.003268,0.009804,0.003268
342,5929.56,0.98309,0.67425,1.20332,0.90892,0.83342,0.90824,0.69654,1.00979,0.58015,1.10258,0.0097446,0.0032482,0.0097446,0.0032482,0.0097446,0.0032482,0.0097446,0.0032482
343,5942.66,0.9755,0.66465,1.19753,0.90808,0.83461,0.90839,0.69622,1.00987,0.58048,1.10246,0.0096852,0.0032284,0.0096852,0.0032284,0.0096852,0.0032284,0.0096852,0.0032284
344,5961.52,0.9656,0.66262,1.19267,0.90773,0.83461,0.90805,0.69636,1.00985,0.58011,1.10234,0.0096258,0.0032086,0.0096258,0.0032086,0.0096258,0.0032086,0.0096258,0.0032086
345,5974.58,0.96863,0.66361,1.19696,0.90903,0.83451,0.90849,0.69717,1.00992,0.58008,1.10231,0.0095664,0.0031888,0.0095664,0.0031888,0.0095664,0.0031888,0.0095664,0.0031888
346,5993.68,0.96842,0.66341,1.19543,0.90968,0.83461,0.90862,0.69705,1.01003,0.58042,1.10223,0.009507,0.003169,0.009507,0.003169,0.009507,0.003169,0.009507,0.003169
347,6007.42,0.96618,0.6624,1.19069,0.91269,0.83307,0.90903,0.69747,1.00974,0.57983,1.10199,0.0094476,0.0031492,0.0094476,0.0031492,0.0094476,0.0031492,0.0094476,0.0031492
348,6026.51,0.97038,0.66053,1.19316,0.90856,0.8352,0.90863,0.69789,1.0093,0.57977,1.10175,0.0093882,0.0031294,0.0093882,0.0031294,0.0093882,0.0031294,0.0093882,0.0031294
349,6040.06,0.97472,0.6617,1.19171,0.90899,0.83411,0.90846,0.69829,1.00939,0.57944,1.10179,0.0093288,0.0031096,0.0093288,0.0031096,0.0093288,0.0031096,0.0093288,0.0031096
350,6057.96,0.96664,0.65471,1.19744,0.90908,0.8357,0.9087,0.69813,1.00926,0.57911,1.10169,0.0092694,0.0030898,0.0092694,0.0030898,0.0092694,0.0030898,0.0092694,0.0030898
351,6072.95,0.97571,0.66093,1.19812,0.90884,0.8357,0.90887,0.69798,1.00898,0.57904,1.1013,0.00921,0.00307,0.00921,0.00307,0.00921,0.00307,0.00921,0.00307
352,6089.3,0.95822,0.65026,1.1874,0.9079,0.83624,0.9087,0.6981,1.00916,0.57907,1.10128,0.0091506,0.0030502,0.0091506,0.0030502,0.0091506,0.0030502,0.0091506,0.0030502
353,6105.65,0.95349,0.64207,1.18432,0.90738,0.83734,0.90895,0.69812,1.00914,0.57905,1.1013,0.0090912,0.0030304,0.0090912,0.0030304,0.0090912,0.0030304,0.0090912,0.0030304
354,6124.69,0.96132,0.64839,1.18512,0.90974,0.8357,0.90871,0.6976,1.0088,0.57908,1.10126,0.0090318,0.0030106,0.0090318,0.0030106,0.0090318,0.0030106,0.0090318,0.0030106
355,6139.93,0.96781,0.65698,1.19144,0.90806,0.83788,0.90863,0.69771,1.00847,0.57914,1.10113,0.0089724,0.0029908,0.0089724,0.0029908,0.0089724,0.0029908,0.0089724,0.0029908
356,6156.32,0.95274,0.65523,1.19157,0.90877,0.83738,0.90877,0.69773,1.00827,0.57884,1.1006,0.008913,0.002971,0.008913,0.002971,0.008913,0.002971,0.008913,0.002971
357,6173.38,0.9591,0.65152,1.18934,0.90969,0.83575,0.90871,0.69828,1.0081,0.57867,1.10066,0.0088536,0.0029512,0.0088536,0.0029512,0.0088536,0.0029512,0.0088536,0.0029512
358,6187.77,0.96173,0.65504,1.18332,0.90974,0.83629,0.90874,0.69799,1.0076,0.57868,1.10043,0.0087942,0.0029314,0.0087942,0.0029314,0.0087942,0.0029314,0.0087942,0.0029314
359,6205.63,0.9551,0.64166,1.1864,0.91035,0.83406,0.90848,0.69822,1.00754,0.57877,1.1003,0.0087348,0.0029116,0.0087348,0.0029116,0.0087348,0.0029116,0.0087348,0.0029116
360,6218.75,0.95657,0.64936,1.19022,0.91075,0.83406,0.90864,0.69871,1.00771,0.57848,1.10072,0.0086754,0.0028918,0.0086754,0.0028918,0.0086754,0.0028918,0.0086754,0.0028918
361,6238.36,0.9583,0.64071,1.18799,0.91173,0.83446,0.90865,0.6988,1.00768,0.5784,1.10059,0.008616,0.002872,0.008616,0.002872,0.008616,0.002872,0.008616,0.002872
362,6251.35,0.95358,0.65495,1.19143,0.91066,0.83455,0.90862,0.69853,1.00786,0.57818,1.10052,0.0085566,0.0028522,0.0085566,0.0028522,0.0085566,0.0028522,0.0085566,0.0028522
363,6270.29,0.95975,0.65142,1.19726,0.91125,0.8351,0.90876,0.6995,1.00807,0.57825,1.10052,0.0084972,0.0028324,0.0084972,0.0028324,0.0084972,0.0028324,0.0084972,0.0028324
364,6286.97,0.94114,0.64205,1.18619,0.91114,0.8357,0.90891,0.69966,1.00789,0.57786,1.10043,0.0084378,0.0028126,0.0084378,0.0028126,0.0084378,0.0028126,0.0084378,0.0028126
365,6305.18,0.95314,0.65286,1.18491,0.91132,0.83581,0.90851,0.69981,1.0076,0.57788,1.10031,0.0083784,0.0027928,0.0083784,0.0027928,0.0083784,0.0027928,0.0083784,0.0027928
366,6318.26,0.96118,0.66173,1.19121,0.91162,0.83679,0.90864,0.69952,1.00714,0.57796,1.1001,0.008319,0.002773,0.008319,0.002773,0.008319,0.002773,0.008319,0.002773
367,6336.84,0.93958,0.63829,1.18083,0.91088,0.83691,0.90867,0.69974,1.00682,0.57744,1.09995,0.0082596,0.0027532,0.0082596,0.0027532,0.0082596,0.0027532,0.0082596,0.0027532
368,6350.04,0.94275,0.63914,1.18266,0.9098,0.83685,0.90871,0.69948,1.00662,0.57705,1.09975,0.0082002,0.0027334,0.0082002,0.0027334,0.0082002,0.0027334,0.0082002,0.0027334
369,6369.85,0.94647,0.65468,1.18281,0.91039,0.83736,0.90901,0.69973,1.0063,0.5771,1.09955,0.0081408,0.0027136,0.0081408,0.0027136,0.0081408,0.0027136,0.0081408,0.0027136
370,6383.21,0.94317,0.6425,1.1805,0.9114,0.83734,0.90879,0.69991,1.00635,0.57701,1.09961,0.0080814,0.0026938,0.0080814,0.0026938,0.0080814,0.0026938,0.0080814,0.0026938
371,6402.28,0.9473,0.64865,1.17961,0.91258,0.83734,0.90915,0.70008,1.00623,0.57671,1.09971,0.008022,0.002674,0.008022,0.002674,0.008022,0.002674,0.008022,0.002674
372,6415.25,0.9481,0.65009,1.17598,0.9127,0.83734,0.90963,0.70025,1.0057,0.57603,1.09903,0.0079626,0.0026542,0.0079626,0.0026542,0.0079626,0.0026542,0.0079626,0.0026542
373,6432.05,0.92749,0.6367,1.17527,0.91305,0.8369,0.90948,0.70006,1.00503,0.57618,1.09868,0.0079032,0.0026344,0.0079032,0.0026344,0.0079032,0.0026344,0.0079032,0.0026344
374,6446.99,0.92447,0.63767,1.17472,0.91199,0.83734,0.90987,0.70036,1.00457,0.57588,1.09825,0.0078438,0.0026146,0.0078438,0.0026146,0.0078438,0.0026146,0.0078438,0.0026146
375,6464.51,0.94366,0.64418,1.18163,0.912,0.83724,0.91003,0.70104,1.00444,0.57546,1.09808,0.0077844,0.0025948,0.0077844,0.0025948,0.0077844,0.0025948,0.0077844,0.0025948
376,6483.1,0.95062,0.64388,1.17816,0.91261,0.83798,0.9102,0.70148,1.00432,0.57481,1.09785,0.007725,0.002575,0.007725,0.002575,0.007725,0.002575,0.007725,0.002575
377,6497.62,0.93352,0.63867,1.17066,0.91271,0.83902,0.91055,0.70118,1.0042,0.57453,1.09755,0.0076656,0.0025552,0.0076656,0.0025552,0.0076656,0.0025552,0.0076656,0.0025552
378,6513.85,0.93399,0.63822,1.17874,0.91223,0.83897,0.91031,0.70109,1.00396,0.57394,1.09734,0.0076062,0.0025354,0.0076062,0.0025354,0.0076062,0.0025354,0.0076062,0.0025354
379,6531.07,0.93015,0.63369,1.17568,0.91216,0.83891,0.91044,0.7015,1.00357,0.57371,1.09709,0.0075468,0.0025156,0.0075468,0.0025156,0.0075468,0.0025156,0.0075468,0.0025156
380,6544.2,0.92535,0.63704,1.17442,0.91198,0.83952,0.9104,0.70151,1.00337,0.57372,1.09697,0.0074874,0.0024958,0.0074874,0.0024958,0.0074874,0.0024958,0.0074874,0.0024958
381,6563.27,0.94632,0.64741,1.18161,0.91115,0.83969,0.91043,0.70126,1.00318,0.57347,1.09663,0.007428,0.002476,0.007428,0.002476,0.007428,0.002476,0.007428,0.002476
382,6576.39,0.92992,0.62845,1.17448,0.90993,0.83788,0.91004,0.70202,1.00284,0.57315,1.09635,0.0073686,0.0024562,0.0073686,0.0024562,0.0073686,0.0024562,0.0073686,0.0024562
383,6595.24,0.92878,0.63349,1.17049,0.91048,0.83833,0.90981,0.7013,1.00279,0.57358,1.0962,0.0073092,0.0024364,0.0073092,0.0024364,0.0073092,0.0024364,0.0073092,0.0024364
384,6609.04,0.92906,0.62969,1.16902,0.91109,0.83902,0.9102,0.70207,1.00252,0.57313,1.09594,0.0072498,0.0024166,0.0072498,0.0024166,0.0072498,0.0024166,0.0072498,0.0024166
385,6626.16,0.92927,0.63514,1.17175,0.91104,0.83788,0.9097,0.70176,1.00178,0.57279,1.09541,0.0071904,0.0023968,0.0071904,0.0023968,0.0071904,0.0023968,0.0071904,0.0023968
386,6641.03,0.92043,0.62275,1.16427,0.91234,0.83788,0.91,0.70192,1.00161,0.57232,1.09512,0.007131,0.002377,0.007131,0.002377,0.007131,0.002377,0.007131,0.002377
387,6656.82,0.92758,0.62106,1.16548,0.91257,0.83757,0.91004,0.70213,1.00149,0.57228,1.09504,0.0070716,0.0023572,0.0070716,0.0023572,0.0070716,0.0023572,0.0070716,0.0023572
388,6674.94,0.91891,0.62322,1.16627,0.91309,0.83731,0.90998,0.70211,1.00133,0.5721,1.0948,0.0070122,0.0023374,0.0070122,0.0023374,0.0070122,0.0023374,0.0070122,0.0023374
389,6688.36,0.92992,0.62449,1.17425,0.91252,0.83679,0.90949,0.70183,1.00109,0.57214,1.09469,0.0069528,0.0023176,0.0069528,0.0023176,0.0069528,0.0023176,0.0069528,0.0023176
390,6707.12,0.92611,0.62788,1.16672,0.91345,0.83788,0.91007,0.70207,1.00059,0.57196,1.09452,0.0068934,0.0022978,0.0068934,0.0022978,0.0068934,0.0022978,0.0068934,0.0022978
391,6720.62,0.90986,0.6197,1.16332,0.91368,0.83679,0.91,0.70232,1.0002,0.57184,1.09421,0.006834,0.002278,0.006834,0.002278,0.006834,0.002278,0.006834,0.002278
392,6740.73,0.92883,0.62915,1.17934,0.9142,0.83753,0.91028,0.70213,1.00003,0.57188,1.094,0.0067746,0.0022582,0.0067746,0.0022582,0.0067746,0.0022582,0.0067746,0.0022582
393,6754.46,0.92416,0.63168,1.1686,0.91416,0.83711,0.91015,0.70241,0.99992,0.57177,1.09389,0.0067152,0.0022384,0.0067152,0.0022384,0.0067152,0.0022384,0.0067152,0.0022384
394,6774.5,0.91103,0.6205,1.1611,0.91254,0.83724,0.9099,0.70242,0.99985,0.57192,1.09382,0.0066558,0.0022186,0.0066558,0.0022186,0.0066558,0.0022186,0.0066558,0.0022186
395,6787.42,0.9146,0.61964,1.1651,0.91423,0.83787,0.91051,0.70238,0.99961,0.57187,1.0937,0.0065964,0.0021988,0.0065964,0.0021988,0.0065964,0.0021988,0.0065964,0.0021988
396,6806.31,0.90915,0.62321,1.16473,0.91179,0.84116,0.91083,0.70248,0.99958,0.5718,1.09362,0.006537,0.002179,0.006537,0.002179,0.006537,0.002179,0.006537,0.002179
397,6819.09,0.9171,0.62734,1.16521,0.91168,0.84061,0.91054,0.70211,0.99915,0.57161,1.09344,0.0064776,0.0021592,0.0064776,0.0021592,0.0064776,0.0021592,0.0064776,0.0021592
398,6837.95,0.92119,0.61854,1.16518,0.91006,0.84061,0.91051,0.70262,0.99884,0.57137,1.09319,0.0064182,0.0021394,0.0064182,0.0021394,0.0064182,0.0021394,0.0064182,0.0021394
399,6853.7,0.91841,0.61556,1.15918,0.91153,0.84061,0.9102,0.70262,0.99886,0.57106,1.09304,0.0063588,0.0021196,0.0063588,0.0021196,0.0063588,0.0021196,0.0063588,0.0021196
400,6866.41,0.91634,0.62503,1.17113,0.91088,0.84061,0.91117,0.70296,0.99873,0.57105,1.09297,0.0062994,0.0020998,0.0062994,0.0020998,0.0062994,0.0020998,0.0062994,0.0020998
401,6884.04,0.91356,0.61424,1.1583,0.91015,0.84061,0.91114,0.70268,0.99867,0.57125,1.09289,0.00624,0.00208,0.00624,0.00208,0.00624,0.00208,0.00624,0.00208
402,6896.78,0.91895,0.63118,1.1714,0.91121,0.84061,0.91064,0.70245,0.99836,0.57104,1.09275,0.0061806,0.0020602,0.0061806,0.0020602,0.0061806,0.0020602,0.0061806,0.0020602
403,6914.81,0.91311,0.61358,1.16078,0.91122,0.84033,0.9111,0.70264,0.99836,0.57065,1.09281,0.0061212,0.0020404,0.0061212,0.0020404,0.0061212,0.0020404,0.0061212,0.0020404
404,6927.83,0.92513,0.62811,1.16608,0.91104,0.83952,0.911,0.70313,0.99794,0.57098,1.09246,0.0060618,0.0020206,0.0060618,0.0020206,0.0060618,0.0020206,0.0060618,0.0020206
405,6945.69,0.91489,0.61229,1.15558,0.91119,0.83952,0.91069,0.70282,0.9978,0.57094,1.09235,0.0060024,0.0020008,0.0060024,0.0020008,0.0060024,0.0020008,0.0060024,0.0020008
406,6958.65,0.91178,0.61558,1.15913,0.91129,0.84007,0.91079,0.70289,0.99771,0.5707,1.09224,0.005943,0.001981,0.005943,0.001981,0.005943,0.001981,0.005943,0.001981
407,6976.56,0.90412,0.61112,1.15655,0.91186,0.84007,0.91143,0.70294,0.99748,0.57069,1.09211,0.0058836,0.0019612,0.0058836,0.0019612,0.0058836,0.0019612,0.0058836,0.0019612
408,6989.45,0.90365,0.61509,1.15647,0.91012,0.83952,0.9114,0.70322,0.99814,0.57051,1.09268,0.0058242,0.0019414,0.0058242,0.0019414,0.0058242,0.0019414,0.0058242,0.0019414
409,7006.8,0.90004,0.61004,1.15356,0.90919,0.84007,0.91093,0.70314,0.9979,0.57051,1.0926,0.0057648,0.0019216,0.0057648,0.0019216,0.0057648,0.0019216,0.0057648,0.0019216
410,7019.62,0.89337,0.60257,1.15331,0.90956,0.84061,0.91163,0.70391,0.99754,0.5697,1.09196,0.0057054,0.0019018,0.0057054,0.0019018,0.0057054,0.0019018,0.0057054,0.0019018
411,7037.12,0.9151,0.6166,1.16172,0.90837,0.84007,0.91121,0.70445,0.99737,0.56943,1.09205,0.005646,0.001882,0.005646,0.001882,0.005646,0.001882,0.005646,0.001882
412,7049.95,0.89543,0.60962,1.15632,0.9088,0.84061,0.91176,0.70396,0.99734,0.56948,1.09208,0.0055866,0.0018622,0.0055866,0.0018622,0.0055866,0.0018622,0.0055866,0.0018622
413,7067.42,0.8867,0.59839,1.14831,0.90961,0.8417,0.91231,0.70422,0.99681,0.56918,1.0917,0.0055272,0.0018424,0.0055272,0.0018424,0.0055272,0.0018424,0.0055272,0.0018424
414,7080.66,0.90529,0.60283,1.15452,0.90851,0.84012,0.91145,0.70402,0.99665,0.56907,1.0915,0.0054678,0.0018226,0.0054678,0.0018226,0.0054678,0.0018226,0.0054678,0.0018226
415,7098.9,0.88686,0.60055,1.14945,0.9097,0.84007,0.91218,0.70474,0.99635,0.56947,1.09132,0.0054084,0.0018028,0.0054084,0.0018028,0.0054084,0.0018028,0.0054084,0.0018028
416,7112.24,0.89319,0.60691,1.1523,0.91073,0.84061,0.91269,0.70444,0.99599,0.56884,1.09099,0.005349,0.001783,0.005349,0.001783,0.005349,0.001783,0.005349,0.001783
417,7130.82,0.88535,0.59528,1.15089,0.91028,0.84116,0.913,0.70507,0.99574,0.56883,1.0908,0.0052896,0.0017632,0.0052896,0.0017632,0.0052896,0.0017632,0.0052896,0.0017632
418,7143.99,0.87826,0.59343,1.14276,0.90933,0.84061,0.91258,0.70505,0.99532,0.5686,1.09063,0.0052302,0.0017434,0.0052302,0.0017434,0.0052302,0.0017434,0.0052302,0.0017434
419,7162.17,0.89141,0.60881,1.15567,0.90995,0.84116,0.91318,0.70528,0.99513,0.56877,1.0905,0.0051708,0.0017236,0.0051708,0.0017236,0.0051708,0.0017236,0.0051708,0.0017236
420,7174.97,0.88173,0.5908,1.14102,0.91029,0.84061,0.91264,0.70523,0.99502,0.56883,1.09037,0.0051114,0.0017038,0.0051114,0.0017038,0.0051114,0.0017038,0.0051114,0.0017038
421,7191.81,0.89959,0.60535,1.15627,0.91146,0.84116,0.913,0.70544,0.99459,0.56862,1.09002,0.005052,0.001684,0.005052,0.001684,0.005052,0.001684,0.005052,0.001684
422,7204.76,0.8826,0.59858,1.14642,0.91133,0.84152,0.91317,0.70494,0.99426,0.56844,1.0898,0.0049926,0.0016642,0.0049926,0.0016642,0.0049926,0.0016642,0.0049926,0.0016642
423,7222.77,0.88435,0.59823,1.14712,0.91099,0.84116,0.91226,0.70505,0.99393,0.56862,1.08968,0.0049332,0.0016444,0.0049332,0.0016444,0.0049332,0.0016444,0.0049332,0.0016444
424,7235.53,0.88749,0.59785,1.14511,0.9121,0.84116,0.91307,0.70525,0.99419,0.56815,1.08979,0.0048738,0.0016246,0.0048738,0.0016246,0.0048738,0.0016246,0.0048738,0.0016246
425,7253.18,0.87502,0.59246,1.14221,0.91247,0.84061,0.91247,0.7048,0.99412,0.56847,1.08986,0.0048144,0.0016048,0.0048144,0.0016048,0.0048144,0.0016048,0.0048144,0.0016048
426,7266.12,0.87377,0.59226,1.14308,0.91482,0.84116,0.91318,0.70534,0.99405,0.56892,1.08976,0.004755,0.001585,0.004755,0.001585,0.004755,0.001585,0.004755,0.001585
427,7283.34,0.88894,0.60104,1.1497,0.91556,0.84116,0.91314,0.70514,0.9944,0.56923,1.08999,0.0046956,0.0015652,0.0046956,0.0015652,0.0046956,0.0015652,0.0046956,0.0015652
428,7296.13,0.88051,0.59063,1.14075,0.91364,0.84061,0.91281,0.70482,0.99418,0.56931,1.08996,0.0046362,0.0015454,0.0046362,0.0015454,0.0046362,0.0015454,0.0046362,0.0015454
429,7314.51,0.89058,0.59581,1.1461,0.91409,0.84116,0.91317,0.705,0.99419,0.56976,1.08989,0.0045768,0.0015256,0.0045768,0.0015256,0.0045768,0.0015256,0.0045768,0.0015256
430,7327.58,0.8732,0.59771,1.1451,0.91231,0.84116,0.91348,0.70505,0.99423,0.56938,1.0899,0.0045174,0.0015058,0.0045174,0.0015058,0.0045174,0.0015058,0.0045174,0.0015058
431,7345.7,0.87871,0.59031,1.14315,0.91193,0.84116,0.91319,0.70443,0.99402,0.56933,1.08974,0.004458,0.001486,0.004458,0.001486,0.004458,0.001486,0.004458,0.001486
432,7362.59,0.87804,0.58848,1.14402,0.91257,0.84116,0.91316,0.70535,0.99386,0.56945,1.08959,0.0043986,0.0014662,0.0043986,0.0014662,0.0043986,0.0014662,0.0043986,0.0014662
433,7377.34,0.88412,0.59069,1.14248,0.91275,0.8417,0.91373,0.7053,0.99367,0.56909,1.08941,0.0043392,0.0014464,0.0043392,0.0014464,0.0043392,0.0014464,0.0043392,0.0014464
434,7393.01,0.86823,0.58844,1.13737,0.91149,0.84225,0.91369,0.70542,0.99323,0.56896,1.08933,0.0042798,0.0014266,0.0042798,0.0014266,0.0042798,0.0014266,0.0042798,0.0014266
435,7408.39,0.8733,0.58946,1.14062,0.9123,0.84279,0.91395,0.70538,0.9934,0.56905,1.08936,0.0042204,0.0014068,0.0042204,0.0014068,0.0042204,0.0014068,0.0042204,0.0014068
436,7424.34,0.86583,0.58344,1.13461,0.9129,0.8417,0.91421,0.70599,0.99301,0.56856,1.08923,0.004161,0.001387,0.004161,0.001387,0.004161,0.001387,0.004161,0.001387
437,7439.75,0.87812,0.58802,1.14068,0.91366,0.84329,0.91398,0.70577,0.99282,0.56834,1.08911,0.0041016,0.0013672,0.0041016,0.0013672,0.0041016,0.0013672,0.0041016,0.0013672
438,7454.92,0.86718,0.59318,1.13789,0.91351,0.84279,0.91393,0.70599,0.99235,0.56819,1.08881,0.0040422,0.0013474,0.0040422,0.0013474,0.0040422,0.0013474,0.0040422,0.0013474
439,7470.8,0.86367,0.58796,1.13739,0.91267,0.84225,0.9139,0.70589,0.99243,0.56831,1.08886,0.0039828,0.0013276,0.0039828,0.0013276,0.0039828,0.0013276,0.0039828,0.0013276
440,7485.65,0.86604,0.57967,1.13586,0.91112,0.84498,0.91458,0.70601,0.99206,0.56839,1.08852,0.0039234,0.0013078,0.0039234,0.0013078,0.0039234,0.0013078,0.0039234,0.0013078
441,7502.49,0.87182,0.58916,1.13709,0.91215,0.84443,0.91464,0.7062,0.99224,0.56843,1.08871,0.003864,0.001288,0.003864,0.001288,0.003864,0.001288,0.003864,0.001288
442,7516.81,0.87389,0.58719,1.134,0.91426,0.84395,0.91477,0.70649,0.99215,0.56804,1.08863,0.0038046,0.0012682,0.0038046,0.0012682,0.0038046,0.0012682,0.0038046,0.0012682
443,7551.08,0.86468,0.58768,1.13141,0.90846,0.84607,0.91393,0.70608,0.9922,0.56847,1.08863,0.0037452,0.0012484,0.0037452,0.0012484,0.0037452,0.0012484,0.0037452,0.0012484
444,7586.41,0.84719,0.57542,1.12553,0.90779,0.84662,0.91442,0.70574,0.99195,0.56824,1.08861,0.0036858,0.0012286,0.0036858,0.0012286,0.0036858,0.0012286,0.0036858,0.0012286
445,7615.34,0.86326,0.57835,1.13187,0.90842,0.84466,0.91438,0.70609,0.99229,0.56881,1.08862,0.0036264,0.0012088,0.0036264,0.0012088,0.0036264,0.0012088,0.0036264,0.0012088
446,7649.95,0.8537,0.57584,1.13169,0.90694,0.84552,0.91436,0.70592,0.992,0.56856,1.08858,0.003567,0.001189,0.003567,0.001189,0.003567,0.001189,0.003567,0.001189
447,7682.2,0.86073,0.57858,1.12837,0.90814,0.84498,0.91391,0.70649,0.99122,0.56885,1.08809,0.0035076,0.0011692,0.0035076,0.0011692,0.0035076,0.0011692,0.0035076,0.0011692
448,7710.16,0.86339,0.5816,1.13566,0.90613,0.84552,0.9143,0.70658,0.99121,0.56877,1.08803,0.0034482,0.0011494,0.0034482,0.0011494,0.0034482,0.0011494,0.0034482,0.0011494
449,7739.58,0.86332,0.5871,1.13427,0.91196,0.84246,0.9141,0.70642,0.9914,0.56894,1.08821,0.0033888,0.0011296,0.0033888,0.0011296,0.0033888,0.0011296,0.0033888,0.0011296
450,7770.37,0.86636,0.58055,1.12814,0.91132,0.84137,0.91417,0.70607,0.99133,0.56946,1.08818,0.0033294,0.0011098,0.0033294,0.0011098,0.0033294,0.0011098,0.0033294,0.0011098
451,7797.6,0.85273,0.57356,1.12619,0.91117,0.84061,0.91383,0.70584,0.99074,0.56959,1.08781,0.00327,0.00109,0.00327,0.00109,0.00327,0.00109,0.00327,0.00109
452,7832.52,0.84634,0.56808,1.12457,0.91161,0.84116,0.91371,0.70607,0.99055,0.56976,1.08791,0.0032106,0.0010702,0.0032106,0.0010702,0.0032106,0.0010702,0.0032106,0.0010702
453,7859.61,0.85868,0.57836,1.13,0.91188,0.84061,0.91378,0.70608,0.9904,0.56996,1.08776,0.0031512,0.0010504,0.0031512,0.0010504,0.0031512,0.0010504,0.0031512,0.0010504
454,7895.11,0.86153,0.58022,1.13135,0.90823,0.8427,0.91405,0.70623,0.99021,0.56988,1.0876,0.0030918,0.0010306,0.0030918,0.0010306,0.0030918,0.0010306,0.0030918,0.0010306
455,7926.27,0.84606,0.56577,1.12545,0.90989,0.8417,0.91419,0.70614,0.9901,0.57004,1.08742,0.0030324,0.0010108,0.0030324,0.0010108,0.0030324,0.0010108,0.0030324,0.0010108
456,7959.39,0.85305,0.5644,1.12486,0.90789,0.84334,0.91379,0.70711,0.98948,0.56959,1.08718,0.002973,0.000991,0.002973,0.000991,0.002973,0.000991,0.002973,0.000991
457,7994.4,0.84399,0.57416,1.12384,0.90935,0.84328,0.91451,0.70737,0.98914,0.56941,1.0871,0.0029136,0.0009712,0.0029136,0.0009712,0.0029136,0.0009712,0.0029136,0.0009712
458,8034.07,0.85495,0.57375,1.12897,0.90897,0.84279,0.91434,0.70725,0.98902,0.56935,1.08701,0.0028542,0.0009514,0.0028542,0.0009514,0.0028542,0.0009514,0.0028542,0.0009514
459,8069.04,0.85434,0.57687,1.13424,0.9106,0.83954,0.91442,0.70748,0.98889,0.56971,1.08687,0.0027948,0.0009316,0.0027948,0.0009316,0.0027948,0.0009316,0.0027948,0.0009316
460,8103.7,0.84793,0.56751,1.12633,0.90959,0.84023,0.91438,0.70796,0.98861,0.56964,1.08662,0.0027354,0.0009118,0.0027354,0.0009118,0.0027354,0.0009118,0.0027354,0.0009118
461,8133.31,0.83671,0.56657,1.11917,0.91159,0.83864,0.91435,0.70721,0.98858,0.56948,1.08661,0.002676,0.000892,0.002676,0.000892,0.002676,0.000892,0.002676,0.000892
462,8158.22,0.83496,0.56327,1.11772,0.91111,0.83924,0.91423,0.70751,0.9882,0.56955,1.0864,0.0026166,0.0008722,0.0026166,0.0008722,0.0026166,0.0008722,0.0026166,0.0008722
463,8190.53,0.8504,0.57278,1.1252,0.91095,0.83897,0.91424,0.70755,0.98859,0.57017,1.08658,0.0025572,0.0008524,0.0025572,0.0008524,0.0025572,0.0008524,0.0025572,0.0008524
464,8216.55,0.84746,0.56976,1.12694,0.91915,0.83461,0.91415,0.70745,0.98822,0.57055,1.08638,0.0024978,0.0008326,0.0024978,0.0008326,0.0024978,0.0008326,0.0024978,0.0008326
465,8243.65,0.83157,0.5639,1.11775,0.91391,0.83788,0.91418,0.7079,0.98778,0.5711,1.08539,0.0024384,0.0008128,0.0024384,0.0008128,0.0024384,0.0008128,0.0024384,0.0008128
466,8277.3,0.83878,0.55931,1.11903,0.91934,0.8337,0.91402,0.70782,0.98736,0.57098,1.08542,0.002379,0.000793,0.002379,0.000793,0.002379,0.000793,0.002379,0.000793
467,8313.06,0.83301,0.5693,1.1202,0.91983,0.83297,0.91402,0.70796,0.98693,0.57065,1.08509,0.0023196,0.0007732,0.0023196,0.0007732,0.0023196,0.0007732,0.0023196,0.0007732
468,8335.9,0.8346,0.56132,1.11589,0.92032,0.83227,0.914,0.70734,0.9872,0.57076,1.08521,0.0022602,0.0007534,0.0022602,0.0007534,0.0022602,0.0007534,0.0022602,0.0007534
469,8349.24,0.83482,0.56001,1.11304,0.921,0.83352,0.91438,0.70753,0.98686,0.57101,1.08493,0.0022008,0.0007336,0.0022008,0.0007336,0.0022008,0.0007336,0.0022008,0.0007336
470,8365.93,0.83242,0.56459,1.11508,0.91983,0.83296,0.91409,0.70743,0.98608,0.57017,1.08436,0.0021414,0.0007138,0.0021414,0.0007138,0.0021414,0.0007138,0.0021414,0.0007138
471,8383.48,0.83126,0.55903,1.11924,0.91897,0.83573,0.91477,0.70778,0.9858,0.57045,1.08432,0.002082,0.000694,0.002082,0.000694,0.002082,0.000694,0.002082,0.000694
472,8396.86,0.83623,0.55817,1.11882,0.92035,0.83255,0.91442,0.70811,0.98584,0.56991,1.08443,0.0020226,0.0006742,0.0020226,0.0006742,0.0020226,0.0006742,0.0020226,0.0006742
473,8417.42,0.82738,0.5572,1.11127,0.91468,0.83679,0.91361,0.70764,0.98573,0.57033,1.08447,0.0019632,0.0006544,0.0019632,0.0006544,0.0019632,0.0006544,0.0019632,0.0006544
474,8432.28,0.83685,0.56694,1.12373,0.91974,0.8357,0.91363,0.70752,0.98593,0.57017,1.08458,0.0019038,0.0006346,0.0019038,0.0006346,0.0019038,0.0006346,0.0019038,0.0006346
475,8446.4,0.83794,0.55907,1.112,0.91823,0.8357,0.91372,0.7082,0.98551,0.57021,1.08417,0.0018444,0.0006148,0.0018444,0.0006148,0.0018444,0.0006148,0.0018444,0.0006148
476,8464.76,0.82349,0.55323,1.10939,0.92106,0.83188,0.91365,0.70801,0.98548,0.57025,1.08421,0.001785,0.000595,0.001785,0.000595,0.001785,0.000595,0.001785,0.000595
477,8478.9,0.84115,0.56645,1.11992,0.91906,0.83669,0.9143,0.70813,0.98546,0.57017,1.08474,0.0017256,0.0005752,0.0017256,0.0005752,0.0017256,0.0005752,0.0017256,0.0005752
478,8498.43,0.83137,0.56527,1.11842,0.91791,0.83624,0.91391,0.70822,0.98513,0.57021,1.08478,0.0016662,0.0005554,0.0016662,0.0005554,0.0016662,0.0005554,0.0016662,0.0005554
479,8512.07,0.82808,0.55407,1.10692,0.91696,0.83679,0.91423,0.70873,0.9849,0.57013,1.08471,0.0016068,0.0005356,0.0016068,0.0005356,0.0016068,0.0005356,0.0016068,0.0005356
480,8531.51,0.83657,0.55685,1.11314,0.91754,0.83819,0.91441,0.70881,0.9845,0.56977,1.08457,0.0015474,0.0005158,0.0015474,0.0005158,0.0015474,0.0005158,0.0015474,0.0005158
481,8545.53,0.83257,0.55909,1.11594,0.91743,0.83679,0.9146,0.70898,0.98416,0.56962,1.0844,0.001488,0.000496,0.001488,0.000496,0.001488,0.000496,0.001488,0.000496
482,8562.69,0.8251,0.55615,1.11321,0.91772,0.83679,0.91452,0.70927,0.98412,0.56935,1.08424,0.0014286,0.0004762,0.0014286,0.0004762,0.0014286,0.0004762,0.0014286,0.0004762
483,8580.43,0.82579,0.55732,1.11262,0.91752,0.83788,0.91456,0.70952,0.98381,0.56944,1.08398,0.0013692,0.0004564,0.0013692,0.0004564,0.0013692,0.0004564,0.0013692,0.0004564
484,8595.85,0.82649,0.5599,1.11488,0.91749,0.8376,0.91536,0.70958,0.98356,0.56931,1.0838,0.0013098,0.0004366,0.0013098,0.0004366,0.0013098,0.0004366,0.0013098,0.0004366
485,8617.01,0.82976,0.56425,1.1131,0.9175,0.83773,0.9154,0.70997,0.98356,0.56907,1.08378,0.0012504,0.0004168,0.0012504,0.0004168,0.0012504,0.0004168,0.0012504,0.0004168
486,8631.87,0.81677,0.55109,1.10422,0.91698,0.83803,0.91566,0.70946,0.98298,0.569,1.08341,0.001191,0.000397,0.001191,0.000397,0.001191,0.000397,0.001191,0.000397
487,8649.28,0.80713,0.54633,1.10845,0.91343,0.84093,0.9152,0.70896,0.98272,0.56888,1.08346,0.0011316,0.0003772,0.0011316,0.0003772,0.0011316,0.0003772,0.0011316,0.0003772
488,8665.96,0.81649,0.54964,1.10799,0.91151,0.84336,0.91573,0.70902,0.98276,0.56886,1.08367,0.0010722,0.0003574,0.0010722,0.0003574,0.0010722,0.0003574,0.0010722,0.0003574
489,8680.82,0.82098,0.55685,1.11264,0.91583,0.83741,0.9153,0.70931,0.98185,0.56862,1.0831,0.0010128,0.0003376,0.0010128,0.0003376,0.0010128,0.0003376,0.0010128,0.0003376
490,8701.73,0.8174,0.55372,1.10591,0.91371,0.83952,0.91501,0.70935,0.98174,0.56871,1.08305,0.0009534,0.0003178,0.0009534,0.0003178,0.0009534,0.0003178,0.0009534,0.0003178
491,8719.04,0.78288,0.45988,1.06772,0.91627,0.83788,0.91502,0.70901,0.98145,0.56875,1.08276,0.000894,0.000298,0.000894,0.000298,0.000894,0.000298,0.000894,0.000298
492,8736.1,0.7072,0.38723,1.02792,0.91611,0.83788,0.9153,0.70936,0.98167,0.56866,1.08308,0.0008346,0.0002782,0.0008346,0.0002782,0.0008346,0.0002782,0.0008346,0.0002782
493,8753.72,0.68998,0.36339,1.01098,0.91452,0.84091,0.91556,0.70927,0.98111,0.56873,1.08297,0.0007752,0.0002584,0.0007752,0.0002584,0.0007752,0.0002584,0.0007752,0.0002584
494,8768.72,0.68027,0.36028,1.01355,0.91591,0.83828,0.91512,0.7093,0.9809,0.5688,1.08283,0.0007158,0.0002386,0.0007158,0.0002386,0.0007158,0.0002386,0.0007158,0.0002386
495,8788.45,0.67868,0.36001,1.01161,0.91508,0.84061,0.91546,0.70902,0.98097,0.56925,1.08302,0.0006564,0.0002188,0.0006564,0.0002188,0.0006564,0.0002188,0.0006564,0.0002188
496,8802.22,0.66346,0.34818,0.99963,0.91691,0.83897,0.91556,0.70958,0.98098,0.56877,1.08301,0.000597,0.000199,0.000597,0.000199,0.000597,0.000199,0.000597,0.000199
497,8822.71,0.66686,0.35343,0.99663,0.91505,0.84077,0.91565,0.70959,0.98066,0.56927,1.08283,0.0005376,0.0001792,0.0005376,0.0001792,0.0005376,0.0001792,0.0005376,0.0001792
498,8837.32,0.65944,0.34888,0.99368,0.9154,0.84061,0.91558,0.70962,0.98067,0.5694,1.08276,0.0004782,0.0001594,0.0004782,0.0001594,0.0004782,0.0001594,0.0004782,0.0001594
499,8852.57,0.65731,0.34442,0.99342,0.91615,0.84091,0.91542,0.70944,0.9805,0.5691,1.08282,0.0004188,0.0001396,0.0004188,0.0001396,0.0004188,0.0001396,0.0004188,0.0001396
500,8872.08,0.64704,0.34066,0.98348,0.91683,0.84061,0.91565,0.70931,0.98064,0.56923,1.08286,0.0003594,0.0001198,0.0003594,0.0001198,0.0003594,0.0001198,0.0003594,0.0001198
