epoch,time,train/giou_loss,train/cls_loss,train/l1_loss,metrics/precision(B),metrics/recall(B),metrics/mAP50(B),metrics/mAP50-95(B),val/giou_loss,val/cls_loss,val/l1_loss,lr/pg0,lr/pg1,lr/pg2,lr/pg3,lr/pg4,lr/pg5,lr/pg6,lr/pg7
192,8859.06,0.33947,0.49955,0.24016,0.94757,0.85834,0.92693,0.57677,0.4645,0.43519,0.42551,0.0186546,0.0062182,0.0186546,0.0062182,0.0186546,0.0062182,0.0186546,0.0062182
1,76.746,0.92295,2.01443,0.77433,0.3868,0.35098,0.28546,0.13928,0.59461,1.06313,0.48863,0.00982143,0.00327381,0.00982143,0.00327381,0.00982143,0.00327381,0.00982143,0.00327381
193,8919.2,0.34819,0.49827,0.24993,0.94647,0.85426,0.92631,0.57053,0.46921,0.44138,0.42964,0.0185952,0.0061984,0.0185952,0.0061984,0.0185952,0.0061984,0.0185952,0.0061984
2,141.234,0.65615,0.80448,0.56644,0.44471,0.33024,0.28973,0.1025,0.979,0.74576,1.02924,0.0197822,0.00659406,0.0197822,0.00659406,0.0197822,0.00659406,0.0197822,0.00659406
194,8983.16,0.35001,0.4986,0.24763,0.93815,0.86108,0.92558,0.57978,0.4642,0.43578,0.42231,0.0185358,0.0061786,0.0185358,0.0061786,0.0185358,0.0061786,0.0185358,0.0061786
3,206.044,0.5934,0.77,0.50117,0.44883,0.25382,0.22311,0.06415,1.03121,0.74657,1.11352,0.0297033,0.00990111,0.0297033,0.00990111,0.0297033,0.00990111,0.0297033,0.00990111
195,9047.99,0.35059,0.49503,0.24748,0.943,0.85753,0.92648,0.58014,0.4684,0.43501,0.42412,0.0184764,0.0061588,0.0184764,0.0061588,0.0184764,0.0061588,0.0184764,0.0061588
4,270.668,0.62302,0.76348,0.51311,0.47821,0.40822,0.32361,0.11523,0.73292,0.8234,0.68035,0.0298218,0.0099406,0.0298218,0.0099406,0.0298218,0.0099406,0.0298218,0.0099406
196,9111.49,0.34563,0.49393,0.25251,0.94288,0.85599,0.92484,0.57211,0.47343,0.44079,0.43559,0.018417,0.006139,0.018417,0.006139,0.018417,0.006139,0.018417,0.006139
5,335.171,0.61744,0.7673,0.496,0.26863,0.20961,0.14448,0.03366,0.9036,0.95861,0.94151,0.0297624,0.0099208,0.0297624,0.0099208,0.0297624,0.0099208,0.0297624,0.0099208
197,9174.99,0.36109,0.49662,0.25183,0.94974,0.85604,0.92916,0.57748,0.46925,0.43793,0.42855,0.0183576,0.0061192,0.0183576,0.0061192,0.0183576,0.0061192,0.0183576,0.0061192
6,399.151,0.59653,0.75364,0.47067,0.69396,0.5786,0.59397,0.20682,0.71045,0.70538,0.73711,0.029703,0.009901,0.029703,0.009901,0.029703,0.009901,0.029703,0.009901
198,9238.6,0.35103,0.49616,0.2489,0.94,0.86081,0.92806,0.58762,0.46173,0.43066,0.41645,0.0182982,0.0060994,0.0182982,0.0060994,0.0182982,0.0060994,0.0182982,0.0060994
7,463.64,0.59258,0.73312,0.46238,0.74537,0.54148,0.60061,0.2163,0.68795,0.67151,0.69601,0.0296436,0.0098812,0.0296436,0.0098812,0.0296436,0.0098812,0.0296436,0.0098812
199,9302.46,0.3228,0.48119,0.24386,0.94496,0.86081,0.92983,0.58472,0.46329,0.43283,0.41593,0.0182388,0.0060796,0.0182388,0.0060796,0.0182388,0.0060796,0.0182388,0.0060796
8,528.17,0.58302,0.724,0.43933,0.70112,0.55188,0.60686,0.19887,0.69755,0.76034,0.69921,0.0295842,0.0098614,0.0295842,0.0098614,0.0295842,0.0098614,0.0295842,0.0098614
200,9365.99,0.32498,0.47966,0.24307,0.93587,0.86736,0.92886,0.59102,0.45955,0.43156,0.40684,0.0181794,0.0060598,0.0181794,0.0060598,0.0181794,0.0060598,0.0181794,0.0060598
9,592.677,0.56482,0.70362,0.44452,0.74291,0.59934,0.63935,0.21084,0.73256,0.63427,0.76047,0.0295248,0.0098416,0.0295248,0.0098416,0.0295248,0.0098416,0.0295248,0.0098416
201,9428.7,0.35536,0.48731,0.25709,0.9284,0.87227,0.93014,0.59003,0.46146,0.43063,0.40706,0.01812,0.00604,0.01812,0.00604,0.01812,0.00604,0.01812,0.00604
10,657.353,0.5641,0.69896,0.4359,0.74972,0.64956,0.68811,0.22874,0.69672,0.63367,0.73427,0.0294654,0.0098218,0.0294654,0.0098218,0.0294654,0.0098218,0.0294654,0.0098218
202,9491.36,0.32701,0.48505,0.24087,0.93059,0.87088,0.92866,0.59212,0.46051,0.43086,0.40558,0.0180606,0.0060202,0.0180606,0.0060202,0.0180606,0.0060202,0.0180606,0.0060202
11,721.39,0.55529,0.69326,0.42882,0.75406,0.5857,0.6296,0.20306,0.73082,0.61905,0.79989,0.029406,0.009802,0.029406,0.009802,0.029406,0.009802,0.029406,0.009802
203,9553.63,0.32892,0.48605,0.2451,0.93467,0.86954,0.93022,0.59657,0.45396,0.42634,0.40095,0.0180012,0.0060004,0.0180012,0.0060004,0.0180012,0.0060004,0.0180012,0.0060004
12,785.112,0.5555,0.68346,0.41786,0.6682,0.5786,0.60535,0.18849,0.76283,0.62494,0.83123,0.0293466,0.0097822,0.0293466,0.0097822,0.0293466,0.0097822,0.0293466,0.0097822
204,9616.39,0.31969,0.48523,0.23517,0.9375,0.86794,0.9284,0.60395,0.44544,0.42557,0.39029,0.0179418,0.0059806,0.0179418,0.0059806,0.0179418,0.0059806,0.0179418,0.0059806
13,848.551,0.53485,0.68258,0.41795,0.78196,0.64683,0.70507,0.24303,0.71313,0.59709,0.77685,0.0292872,0.0097624,0.0292872,0.0097624,0.0292872,0.0097624,0.0292872,0.0097624
205,9678.71,0.29701,0.47623,0.22823,0.93674,0.87282,0.93112,0.61241,0.4399,0.424,0.37924,0.0178824,0.0059608,0.0178824,0.0059608,0.0178824,0.0059608,0.0178824,0.0059608
206,9742.01,0.29776,0.47112,0.22238,0.93362,0.87514,0.92904,0.61667,0.43216,0.42604,0.36956,0.017823,0.005941,0.017823,0.005941,0.017823,0.005941,0.017823,0.005941
14,912.305,0.54207,0.67506,0.41373,0.80368,0.68286,0.74069,0.30144,0.66021,0.5848,0.67604,0.0292278,0.0097426,0.0292278,0.0097426,0.0292278,0.0097426,0.0292278,0.0097426
207,9804.88,0.29131,0.46159,0.22384,0.9296,0.89083,0.93469,0.63197,0.4195,0.42095,0.35573,0.0177636,0.0059212,0.0177636,0.0059212,0.0177636,0.0059212,0.0177636,0.0059212
15,975.612,0.53778,0.68087,0.41557,0.75729,0.65284,0.70413,0.25848,0.70891,0.5773,0.75002,0.0291684,0.0097228,0.0291684,0.0097228,0.0291684,0.0097228,0.0291684,0.0097228
208,9867.96,0.30131,0.46792,0.22597,0.92945,0.89083,0.93562,0.63696,0.41554,0.42049,0.35426,0.0177042,0.0059014,0.0177042,0.0059014,0.0177042,0.0059014,0.0177042,0.0059014
16,1038.47,0.53995,0.68794,0.41176,0.82598,0.72547,0.79146,0.38615,0.57934,0.56361,0.54327,0.029109,0.009703,0.029109,0.009703,0.029109,0.009703,0.029109,0.009703
209,9931.26,0.29505,0.47058,0.22564,0.93231,0.8872,0.93407,0.64118,0.41255,0.41512,0.3524,0.0176448,0.0058816,0.0176448,0.0058816,0.0176448,0.0058816,0.0176448,0.0058816
17,1101.78,0.53321,0.67367,0.40469,0.81631,0.68889,0.7661,0.36123,0.57646,0.5907,0.54233,0.0290496,0.0096832,0.0290496,0.0096832,0.0290496,0.0096832,0.0290496,0.0096832
210,9994.57,0.28615,0.46867,0.22098,0.93286,0.88734,0.93418,0.63463,0.41798,0.41654,0.36071,0.0175854,0.0058618,0.0175854,0.0058618,0.0175854,0.0058618,0.0175854,0.0058618
18,1164.98,0.51762,0.67063,0.39386,0.77405,0.64326,0.6912,0.24151,0.70269,0.61221,0.75087,0.0289902,0.0096634,0.0289902,0.0096634,0.0289902,0.0096634,0.0289902,0.0096634
211,10057.6,0.29448,0.46132,0.22679,0.93543,0.87828,0.9319,0.62511,0.42659,0.42253,0.37466,0.017526,0.005842,0.017526,0.005842,0.017526,0.005842,0.017526,0.005842
19,1228.04,0.52666,0.66453,0.39939,0.81593,0.71288,0.77409,0.33928,0.62072,0.55191,0.62183,0.0289308,0.0096436,0.0289308,0.0096436,0.0289308,0.0096436,0.0289308,0.0096436
212,10120.9,0.28814,0.45228,0.2258,0.94022,0.8757,0.93238,0.61677,0.43516,0.42405,0.38569,0.0174666,0.0058222,0.0174666,0.0058222,0.0174666,0.0058222,0.0174666,0.0058222
20,1291.41,0.51723,0.65555,0.40233,0.82494,0.71507,0.7969,0.36393,0.62798,0.54317,0.58337,0.0288714,0.0096238,0.0288714,0.0096238,0.0288714,0.0096238,0.0288714,0.0096238
213,10184.2,0.28993,0.4627,0.22823,0.93785,0.87336,0.9298,0.6127,0.43713,0.42648,0.38612,0.0174072,0.0058024,0.0174072,0.0058024,0.0174072,0.0058024,0.0174072,0.0058024
21,1354.61,0.5157,0.65803,0.40017,0.80834,0.69924,0.77329,0.38388,0.58948,0.55646,0.54237,0.028812,0.009604,0.028812,0.009604,0.028812,0.009604,0.028812,0.009604
214,10247,0.31301,0.47512,0.23628,0.94037,0.87809,0.93266,0.6215,0.43191,0.42506,0.38071,0.0173478,0.0057826,0.0173478,0.0057826,0.0173478,0.0057826,0.0173478,0.0057826
22,1417.71,0.51562,0.66483,0.39364,0.82557,0.71889,0.7869,0.38498,0.58072,0.55139,0.56033,0.0287526,0.0095842,0.0287526,0.0095842,0.0287526,0.0095842,0.0287526,0.0095842
23,1480.82,0.52224,0.65682,0.38951,0.85465,0.77675,0.84523,0.46779,0.50653,0.51508,0.45438,0.0286932,0.0095644,0.0286932,0.0095644,0.0286932,0.0095644,0.0286932,0.0095644
215,10310.6,0.3184,0.47648,0.23468,0.94154,0.87555,0.93312,0.61984,0.43121,0.42494,0.38181,0.0172884,0.0057628,0.0172884,0.0057628,0.0172884,0.0057628,0.0172884,0.0057628
216,10374,0.30546,0.46545,0.23461,0.94133,0.87391,0.93133,0.61934,0.42951,0.42701,0.3811,0.017229,0.005743,0.017229,0.005743,0.017229,0.005743,0.017229,0.005743
24,1544.4,0.49692,0.65199,0.37217,0.85174,0.71185,0.79476,0.40487,0.55427,0.53823,0.50688,0.0286338,0.0095446,0.0286338,0.0095446,0.0286338,0.0095446,0.0286338,0.0095446
217,10437.3,0.31897,0.47433,0.24052,0.94747,0.87391,0.9334,0.62282,0.42667,0.42789,0.37506,0.0171696,0.0057232,0.0171696,0.0057232,0.0171696,0.0057232,0.0171696,0.0057232
25,1607.69,0.52599,0.65673,0.39119,0.82655,0.73035,0.78689,0.34636,0.62169,0.55685,0.60776,0.0285744,0.0095248,0.0285744,0.0095248,0.0285744,0.0095248,0.0285744,0.0095248
218,10500.5,0.32614,0.48165,0.23808,0.9431,0.87766,0.93441,0.62576,0.42311,0.42656,0.37386,0.0171102,0.0057034,0.0171102,0.0057034,0.0171102,0.0057034,0.0171102,0.0057034
26,1670.86,0.50879,0.64993,0.37696,0.85051,0.77183,0.84707,0.42792,0.54909,0.53084,0.51424,0.028515,0.009505,0.028515,0.009505,0.028515,0.009505,0.028515,0.009505
219,10563.6,0.30499,0.46911,0.22933,0.94591,0.87827,0.93602,0.62885,0.42231,0.42735,0.374,0.0170508,0.0056836,0.0170508,0.0056836,0.0170508,0.0056836,0.0170508,0.0056836
27,1734.01,0.49298,0.64713,0.37259,0.8556,0.77129,0.8362,0.42959,0.54948,0.52868,0.50037,0.0284556,0.0094852,0.0284556,0.0094852,0.0284556,0.0094852,0.0284556,0.0094852
220,10626.4,0.29694,0.46318,0.22836,0.94483,0.87555,0.93177,0.63139,0.41904,0.42467,0.37049,0.0169914,0.0056638,0.0169914,0.0056638,0.0169914,0.0056638,0.0169914,0.0056638
28,1797.12,0.51311,0.64736,0.37278,0.83869,0.71998,0.78478,0.34613,0.63735,0.53181,0.66165,0.0283962,0.0094654,0.0283962,0.0094654,0.0283962,0.0094654,0.0283962,0.0094654
221,10689.7,0.29723,0.46114,0.22816,0.94313,0.878,0.93358,0.63413,0.41843,0.42368,0.36908,0.016932,0.005644,0.016932,0.005644,0.016932,0.005644,0.016932,0.005644
29,1860.24,0.49929,0.6461,0.37089,0.87308,0.7691,0.84201,0.44188,0.54497,0.52389,0.50985,0.0283368,0.0094456,0.0283368,0.0094456,0.0283368,0.0094456,0.0283368,0.0094456
30,1923.27,0.49246,0.64328,0.36943,0.88187,0.75386,0.83356,0.43213,0.54468,0.53823,0.49811,0.0282774,0.0094258,0.0282774,0.0094258,0.0282774,0.0094258,0.0282774,0.0094258
222,10753.1,0.29998,0.45813,0.2317,0.94327,0.88034,0.93385,0.63102,0.42101,0.42203,0.37252,0.0168726,0.0056242,0.0168726,0.0056242,0.0168726,0.0056242,0.0168726,0.0056242
223,10816.3,0.37705,0.49607,0.26689,0.94195,0.87718,0.9313,0.62803,0.42364,0.42222,0.37356,0.0168132,0.0056044,0.0168132,0.0056044,0.0168132,0.0056044,0.0168132,0.0056044
31,1986.72,0.48456,0.64882,0.3621,0.85045,0.77289,0.83305,0.38246,0.58737,0.52638,0.57368,0.028218,0.009406,0.028218,0.009406,0.028218,0.009406,0.028218,0.009406
224,10879.4,0.31461,0.46922,0.2358,0.94763,0.87555,0.93215,0.62359,0.42745,0.42691,0.37601,0.0167538,0.0055846,0.0167538,0.0055846,0.0167538,0.0055846,0.0167538,0.0055846
32,2049.93,0.47896,0.64124,0.3683,0.84375,0.74345,0.81349,0.40273,0.56844,0.526,0.5467,0.0281586,0.0093862,0.0281586,0.0093862,0.0281586,0.0093862,0.0281586,0.0093862
225,10942.7,0.28846,0.45805,0.22264,0.94818,0.87609,0.9322,0.62649,0.42638,0.4271,0.37405,0.0166944,0.0055648,0.0166944,0.0055648,0.0166944,0.0055648,0.0166944,0.0055648
33,2113.37,0.47798,0.63374,0.36229,0.8656,0.78396,0.85413,0.45837,0.52802,0.51529,0.48775,0.0280992,0.0093664,0.0280992,0.0093664,0.0280992,0.0093664,0.0280992,0.0093664
226,11005.9,0.28724,0.45571,0.22572,0.94939,0.87718,0.93687,0.63447,0.42007,0.4241,0.36475,0.016635,0.005545,0.016635,0.005545,0.016635,0.005545,0.016635,0.005545
34,2176.46,0.47603,0.63208,0.35698,0.87091,0.76037,0.82332,0.41465,0.54702,0.55176,0.53083,0.0280398,0.0093466,0.0280398,0.0093466,0.0280398,0.0093466,0.0280398,0.0093466
227,11068.9,0.28145,0.44796,0.22258,0.94748,0.87718,0.93554,0.63723,0.41785,0.42071,0.3633,0.0165756,0.0055252,0.0165756,0.0055252,0.0165756,0.0055252,0.0165756,0.0055252
35,2239.61,0.48312,0.62658,0.36255,0.86575,0.75331,0.82809,0.35956,0.61122,0.53646,0.61098,0.0279804,0.0093268,0.0279804,0.0093268,0.0279804,0.0093268,0.0279804,0.0093268
228,11132,0.28751,0.44355,0.22153,0.94741,0.87522,0.93374,0.63591,0.41717,0.42065,0.36316,0.0165162,0.0055054,0.0165162,0.0055054,0.0165162,0.0055054,0.0165162,0.0055054
36,2302.55,0.49788,0.62489,0.36144,0.87208,0.81441,0.87126,0.47814,0.51317,0.50497,0.45945,0.027921,0.009307,0.027921,0.009307,0.027921,0.009307,0.027921,0.009307
229,11229.5,0.2806,0.44983,0.2178,0.95253,0.87628,0.93118,0.6348,0.41448,0.42022,0.36122,0.0164568,0.0054856,0.0164568,0.0054856,0.0164568,0.0054856,0.0164568,0.0054856
37,2401.26,0.47672,0.64123,0.35648,0.82228,0.72162,0.77159,0.32725,0.64846,0.52387,0.67187,0.0278616,0.0092872,0.0278616,0.0092872,0.0278616,0.0092872,0.0278616,0.0092872
230,11367.7,0.28222,0.45459,0.2197,0.94577,0.87991,0.93373,0.64216,0.40902,0.41723,0.35488,0.0163974,0.0054658,0.0163974,0.0054658,0.0163974,0.0054658,0.0163974,0.0054658
38,2544.51,0.4843,0.62827,0.35738,0.81509,0.72598,0.77939,0.32744,0.65602,0.53432,0.6722,0.0278022,0.0092674,0.0278022,0.0092674,0.0278022,0.0092674,0.0278022,0.0092674
231,11501.4,0.27683,0.44705,0.21418,0.94647,0.87718,0.93528,0.64354,0.40769,0.41822,0.35285,0.016338,0.005446,0.016338,0.005446,0.016338,0.005446,0.016338,0.005446
39,2681.3,0.50255,0.61535,0.36202,0.89157,0.79694,0.87037,0.49613,0.4986,0.50689,0.44548,0.0277428,0.0092476,0.0277428,0.0092476,0.0277428,0.0092476,0.0277428,0.0092476
232,11643.8,0.27301,0.44631,0.21667,0.94844,0.87937,0.93644,0.64227,0.41077,0.41971,0.35679,0.0162786,0.0054262,0.0162786,0.0054262,0.0162786,0.0054262,0.0162786,0.0054262
40,2816.6,0.47123,0.63037,0.34669,0.83774,0.75807,0.81653,0.36927,0.60904,0.52857,0.61308,0.0276834,0.0092278,0.0276834,0.0092278,0.0276834,0.0092278,0.0276834,0.0092278
233,11784.2,0.28038,0.44459,0.22377,0.94849,0.87882,0.93649,0.64515,0.40941,0.41903,0.35596,0.0162192,0.0054064,0.0162192,0.0054064,0.0162192,0.0054064,0.0162192,0.0054064
41,2961.32,0.46577,0.61617,0.35095,0.85181,0.78821,0.83692,0.40446,0.55612,0.53422,0.57524,0.027624,0.009208,0.027624,0.009208,0.027624,0.009208,0.027624,0.009208
234,11875,0.27962,0.45663,0.21619,0.9488,0.88003,0.93576,0.64428,0.40814,0.42023,0.35547,0.0161598,0.0053866,0.0161598,0.0053866,0.0161598,0.0053866,0.0161598,0.0053866
42,3048.88,0.47437,0.62238,0.34871,0.8651,0.80864,0.86098,0.4695,0.51097,0.51435,0.47138,0.0275646,0.0091882,0.0275646,0.0091882,0.0275646,0.0091882,0.0275646,0.0091882
235,11938.4,0.27826,0.45661,0.21526,0.94753,0.87773,0.93446,0.6445,0.40584,0.42161,0.35349,0.0161004,0.0053668,0.0161004,0.0053668,0.0161004,0.0053668,0.0161004,0.0053668
43,3111.96,0.46362,0.62231,0.34683,0.87492,0.7762,0.83657,0.43139,0.54902,0.52574,0.53056,0.0275052,0.0091684,0.0275052,0.0091684,0.0275052,0.0091684,0.0275052,0.0091684
236,12001.6,0.28687,0.44892,0.21568,0.94564,0.87991,0.9351,0.64768,0.40416,0.41777,0.35281,0.016041,0.005347,0.016041,0.005347,0.016041,0.005347,0.016041,0.005347
44,3174.52,0.48733,0.61924,0.35612,0.84827,0.75986,0.82093,0.37332,0.59284,0.52721,0.60786,0.0274458,0.0091486,0.0274458,0.0091486,0.0274458,0.0091486,0.0274458,0.0091486
237,12065,0.27695,0.44811,0.21832,0.94997,0.88103,0.9368,0.653,0.398,0.41505,0.34493,0.0159816,0.0053272,0.0159816,0.0053272,0.0159816,0.0053272,0.0159816,0.0053272
45,3236.37,0.47248,0.61306,0.34508,0.88208,0.7833,0.85102,0.4305,0.55135,0.51047,0.52472,0.0273864,0.0091288,0.0273864,0.0091288,0.0273864,0.0091288,0.0273864,0.0091288
238,12190.9,0.27097,0.45301,0.21127,0.94871,0.87555,0.93595,0.65573,0.39317,0.41327,0.33951,0.0159222,0.0053074,0.0159222,0.0053074,0.0159222,0.0053074,0.0159222,0.0053074
46,3365.91,0.47196,0.61627,0.34696,0.85165,0.77729,0.83251,0.37538,0.60182,0.51119,0.63718,0.027327,0.009109,0.027327,0.009109,0.027327,0.009109,0.027327,0.009109
239,12327.3,0.27744,0.44673,0.21833,0.94813,0.87718,0.93637,0.65652,0.39282,0.41393,0.33971,0.0158628,0.0052876,0.0158628,0.0052876,0.0158628,0.0052876,0.0158628,0.0052876
47,3503.6,0.47258,0.60512,0.34547,0.84143,0.76467,0.82325,0.39705,0.5849,0.50954,0.56539,0.0272676,0.0090892,0.0272676,0.0090892,0.0272676,0.0090892,0.0272676,0.0090892
240,12469,0.2745,0.43676,0.21946,0.94435,0.87996,0.9355,0.65911,0.38998,0.41634,0.33725,0.0158034,0.0052678,0.0158034,0.0052678,0.0158034,0.0052678,0.0158034,0.0052678
48,3642,0.45956,0.61678,0.34148,0.89431,0.78603,0.86037,0.46917,0.52234,0.50813,0.4919,0.0272082,0.0090694,0.0272082,0.0090694,0.0272082,0.0090694,0.0272082,0.0090694
241,12608.4,0.27574,0.45579,0.21987,0.94256,0.87786,0.93425,0.65966,0.38952,0.416,0.33719,0.015744,0.005248,0.015744,0.005248,0.015744,0.005248,0.015744,0.005248
49,3784.91,0.46669,0.618,0.34113,0.89161,0.77893,0.85649,0.40745,0.58569,0.51672,0.55737,0.0271488,0.0090496,0.0271488,0.0090496,0.0271488,0.0090496,0.0271488,0.0090496
242,12746.1,0.27815,0.444,0.21779,0.94581,0.87657,0.93658,0.66087,0.39028,0.41424,0.33822,0.0156846,0.0052282,0.0156846,0.0052282,0.0156846,0.0052282,0.0156846,0.0052282
50,3927.41,0.46962,0.61382,0.34482,0.84354,0.77107,0.82902,0.36417,0.6247,0.5135,0.64056,0.0270894,0.0090298,0.0270894,0.0090298,0.0270894,0.0090298,0.0270894,0.0090298
243,12879.1,0.26833,0.44646,0.21285,0.94648,0.87837,0.93815,0.66309,0.38936,0.41513,0.33611,0.0156252,0.0052084,0.0156252,0.0052084,0.0156252,0.0052084,0.0156252,0.0052084
51,4060.6,0.47482,0.5988,0.34066,0.8708,0.79838,0.8569,0.41201,0.58257,0.5036,0.5735,0.02703,0.00901,0.02703,0.00901,0.02703,0.00901,0.02703,0.00901
244,13024.6,0.27202,0.44126,0.21162,0.94846,0.87396,0.93478,0.66075,0.39055,0.41212,0.33833,0.0155658,0.0051886,0.0155658,0.0051886,0.0155658,0.0051886,0.0155658,0.0051886
52,4201.36,0.46718,0.58979,0.34176,0.90051,0.8286,0.88722,0.49585,0.50751,0.48548,0.461,0.0269706,0.0089902,0.0269706,0.0089902,0.0269706,0.0089902,0.0269706,0.0089902
245,13176.5,0.27379,0.44659,0.21999,0.94894,0.87828,0.93952,0.66635,0.39071,0.41012,0.33892,0.0155064,0.0051688,0.0155064,0.0051688,0.0155064,0.0051688,0.0155064,0.0051688
53,4355.76,0.4573,0.59115,0.33728,0.91204,0.79913,0.87755,0.50209,0.51842,0.47116,0.46823,0.0269112,0.0089704,0.0269112,0.0089704,0.0269112,0.0089704,0.0269112,0.0089704
246,13335.1,0.27338,0.44878,0.21522,0.94583,0.87684,0.9371,0.66454,0.38984,0.41178,0.33908,0.015447,0.005149,0.015447,0.005149,0.015447,0.005149,0.015447,0.005149
54,4522.65,0.45911,0.59141,0.34181,0.8796,0.79585,0.85775,0.43449,0.57627,0.48769,0.54973,0.0268518,0.0089506,0.0268518,0.0089506,0.0268518,0.0089506,0.0268518,0.0089506
247,13495.4,0.30028,0.46069,0.22378,0.94218,0.8806,0.93699,0.66406,0.38873,0.4114,0.33851,0.0153876,0.0051292,0.0153876,0.0051292,0.0153876,0.0051292,0.0153876,0.0051292
55,4683.48,0.45871,0.59975,0.33495,0.91013,0.80152,0.87345,0.41577,0.57368,0.48562,0.55959,0.0267924,0.0089308,0.0267924,0.0089308,0.0267924,0.0089308,0.0267924,0.0089308
248,13658.8,0.29191,0.45393,0.21665,0.9432,0.87921,0.93904,0.66648,0.38528,0.41384,0.33346,0.0153282,0.0051094,0.0153282,0.0051094,0.0153282,0.0051094,0.0153282,0.0051094
56,4844.66,0.46138,0.59747,0.33933,0.86516,0.7775,0.84076,0.40499,0.58672,0.49395,0.55575,0.026733,0.008911,0.026733,0.008911,0.026733,0.008911,0.026733,0.008911
249,13807.5,0.26842,0.4321,0.2133,0.95077,0.87718,0.93901,0.66914,0.38433,0.41212,0.33403,0.0152688,0.0050896,0.0152688,0.0050896,0.0152688,0.0050896,0.0152688,0.0050896
57,4993.44,0.43548,0.59802,0.32778,0.87854,0.79203,0.85362,0.37176,0.61336,0.51248,0.6411,0.0266736,0.0088912,0.0266736,0.0088912,0.0266736,0.0088912,0.0266736,0.0088912
250,13947.5,0.2837,0.45566,0.21855,0.94784,0.87828,0.939,0.66872,0.38409,0.4112,0.33136,0.0152094,0.0050698,0.0152094,0.0050698,0.0152094,0.0050698,0.0152094,0.0050698
58,5135.25,0.44854,0.5881,0.33233,0.88086,0.79098,0.86118,0.43704,0.58256,0.46526,0.52737,0.0266142,0.0088714,0.0266142,0.0088714,0.0266142,0.0088714,0.0266142,0.0088714
251,14084.4,0.28215,0.44116,0.21578,0.95115,0.87156,0.93645,0.66957,0.38358,0.41109,0.33088,0.01515,0.00505,0.01515,0.00505,0.01515,0.00505,0.01515,0.00505
59,5278.47,0.4752,0.58525,0.33308,0.85849,0.77158,0.8314,0.36535,0.63023,0.5073,0.65294,0.0265548,0.0088516,0.0265548,0.0088516,0.0265548,0.0088516,0.0265548,0.0088516
252,14221.6,0.27022,0.44235,0.20888,0.95057,0.87126,0.93639,0.67031,0.38451,0.40981,0.33156,0.0150906,0.0050302,0.0150906,0.0050302,0.0150906,0.0050302,0.0150906,0.0050302
60,5408.63,0.45237,0.59743,0.33768,0.89699,0.81276,0.87881,0.45283,0.54747,0.49595,0.52349,0.0264954,0.0088318,0.0264954,0.0088318,0.0264954,0.0088318,0.0264954,0.0088318
253,14363.9,0.27143,0.43985,0.21512,0.94833,0.87336,0.93854,0.67337,0.38464,0.40563,0.33112,0.0150312,0.0050104,0.0150312,0.0050104,0.0150312,0.0050104,0.0150312,0.0050104
61,5547.1,0.45582,0.59622,0.32716,0.87595,0.78439,0.84612,0.38162,0.6027,0.52087,0.60672,0.026436,0.008812,0.026436,0.008812,0.026436,0.008812,0.026436,0.008812
254,14504.4,0.27527,0.44735,0.21621,0.94403,0.87471,0.93697,0.67354,0.38473,0.40438,0.33122,0.0149718,0.0049906,0.0149718,0.0049906,0.0149718,0.0049906,0.0149718,0.0049906
62,5691.23,0.46263,0.59028,0.33277,0.88349,0.82371,0.87849,0.4579,0.54298,0.48608,0.51853,0.0263766,0.0087922,0.0263766,0.0087922,0.0263766,0.0087922,0.0263766,0.0087922
255,14641.5,0.26713,0.44911,0.21388,0.94779,0.87203,0.93584,0.67191,0.38657,0.40555,0.33491,0.0149124,0.0049708,0.0149124,0.0049708,0.0149124,0.0049708,0.0149124,0.0049708
63,5833.94,0.45544,0.58601,0.33231,0.90516,0.81878,0.89778,0.56176,0.44573,0.47013,0.38958,0.0263172,0.0087724,0.0263172,0.0087724,0.0263172,0.0087724,0.0263172,0.0087724
256,14777.9,0.2619,0.43446,0.20953,0.9467,0.87256,0.93581,0.67145,0.38786,0.40461,0.33658,0.014853,0.004951,0.014853,0.004951,0.014853,0.004951,0.014853,0.004951
64,5971.36,0.44885,0.58345,0.3271,0.87312,0.77378,0.84332,0.41506,0.59253,0.50086,0.5624,0.0262578,0.0087526,0.0262578,0.0087526,0.0262578,0.0087526,0.0262578,0.0087526
257,14920.5,0.26288,0.44194,0.20665,0.95022,0.87336,0.93655,0.67147,0.38804,0.40404,0.33565,0.0147936,0.0049312,0.0147936,0.0049312,0.0147936,0.0049312,0.0147936,0.0049312
65,6107.94,0.44183,0.59858,0.32305,0.88554,0.84061,0.886,0.45495,0.53876,0.48297,0.53445,0.0261984,0.0087328,0.0261984,0.0087328,0.0261984,0.0087328,0.0261984,0.0087328
258,15060.8,0.26476,0.43364,0.20851,0.94984,0.87336,0.93661,0.67292,0.3866,0.40274,0.33417,0.0147342,0.0049114,0.0147342,0.0049114,0.0147342,0.0049114,0.0147342,0.0049114
66,6251.09,0.4555,0.57531,0.33141,0.91229,0.8286,0.90098,0.54986,0.45913,0.46514,0.41321,0.026139,0.008713,0.026139,0.008713,0.026139,0.008713,0.026139,0.008713
259,15198.7,0.26209,0.43001,0.20881,0.94907,0.87483,0.93686,0.6712,0.38765,0.40452,0.3351,0.0146748,0.0048916,0.0146748,0.0048916,0.0146748,0.0048916,0.0146748,0.0048916
67,6394.23,0.44322,0.57737,0.31684,0.89382,0.83165,0.88908,0.50862,0.50509,0.47248,0.46493,0.0260796,0.0086932,0.0260796,0.0086932,0.0260796,0.0086932,0.0260796,0.0086932
260,15333.3,0.26337,0.43752,0.20635,0.94861,0.87609,0.93681,0.67187,0.38755,0.40181,0.33377,0.0146154,0.0048718,0.0146154,0.0048718,0.0146154,0.0048718,0.0146154,0.0048718
68,6538.3,0.44391,0.58024,0.33192,0.89009,0.81714,0.88398,0.50905,0.49421,0.46914,0.45437,0.0260202,0.0086734,0.0260202,0.0086734,0.0260202,0.0086734,0.0260202,0.0086734
261,15475.9,0.26613,0.43225,0.20851,0.94929,0.87828,0.93724,0.67484,0.38646,0.40105,0.33266,0.014556,0.004852,0.014556,0.004852,0.014556,0.004852,0.014556,0.004852
69,6677.06,0.43728,0.58836,0.3192,0.91953,0.84207,0.90402,0.54854,0.46751,0.45723,0.4027,0.0259608,0.0086536,0.0259608,0.0086536,0.0259608,0.0086536,0.0259608,0.0086536
262,15617.5,0.2647,0.43654,0.21309,0.94909,0.87664,0.93636,0.67425,0.38699,0.40059,0.33347,0.0144966,0.0048322,0.0144966,0.0048322,0.0144966,0.0048322,0.0144966,0.0048322
70,6813.04,0.45452,0.58615,0.32371,0.91,0.83515,0.89739,0.52894,0.47432,0.46896,0.42241,0.0259014,0.0086338,0.0259014,0.0086338,0.0259014,0.0086338,0.0259014,0.0086338
263,15757.2,0.26703,0.43339,0.20986,0.95048,0.88014,0.93736,0.6739,0.38794,0.3978,0.33652,0.0144372,0.0048124,0.0144372,0.0048124,0.0144372,0.0048124,0.0144372,0.0048124
71,6956.44,0.43661,0.57821,0.32185,0.90873,0.8286,0.89433,0.53919,0.4655,0.45988,0.41451,0.025842,0.008614,0.025842,0.008614,0.025842,0.008614,0.025842,0.008614
264,15895.4,0.27146,0.42911,0.2057,0.94972,0.87644,0.93668,0.67129,0.38821,0.3983,0.33639,0.0143778,0.0047926,0.0143778,0.0047926,0.0143778,0.0047926,0.0143778,0.0047926
72,7099.25,0.44771,0.58419,0.32181,0.90096,0.80349,0.87606,0.48272,0.5233,0.47566,0.47868,0.0257826,0.0085942,0.0257826,0.0085942,0.0257826,0.0085942,0.0257826,0.0085942
265,16032.8,0.2732,0.43491,0.2102,0.95072,0.87408,0.9352,0.66996,0.38902,0.40008,0.33801,0.0143184,0.0047728,0.0143184,0.0047728,0.0143184,0.0047728,0.0143184,0.0047728
73,7242.61,0.44445,0.57852,0.32329,0.9149,0.84552,0.90964,0.57493,0.45583,0.43585,0.37718,0.0257232,0.0085744,0.0257232,0.0085744,0.0257232,0.0085744,0.0257232,0.0085744
266,16130.5,0.26977,0.43492,0.20843,0.94974,0.87684,0.93472,0.66909,0.38963,0.39995,0.33941,0.014259,0.004753,0.014259,0.004753,0.014259,0.004753,0.014259,0.004753
74,7324.24,0.43573,0.56898,0.31689,0.91759,0.84486,0.90292,0.55616,0.46296,0.44876,0.40438,0.0256638,0.0085546,0.0256638,0.0085546,0.0256638,0.0085546,0.0256638,0.0085546
267,16194.2,0.28677,0.44866,0.21365,0.9503,0.87679,0.935,0.66954,0.38753,0.40374,0.33712,0.0141996,0.0047332,0.0141996,0.0047332,0.0141996,0.0047332,0.0141996,0.0047332
75,7388.15,0.42586,0.58037,0.31447,0.91236,0.82587,0.88999,0.50147,0.51381,0.46221,0.46625,0.0256044,0.0085348,0.0256044,0.0085348,0.0256044,0.0085348,0.0256044,0.0085348
268,16257.7,0.26858,0.43861,0.20715,0.95058,0.87555,0.93576,0.66872,0.38894,0.40459,0.33946,0.0141402,0.0047134,0.0141402,0.0047134,0.0141402,0.0047134,0.0141402,0.0047134
76,7451.99,0.45408,0.56757,0.31772,0.91786,0.82345,0.89211,0.5252,0.48903,0.45716,0.43734,0.025545,0.008515,0.025545,0.008515,0.025545,0.008515,0.025545,0.008515
269,16321.9,0.25585,0.42663,0.20042,0.94948,0.87609,0.93581,0.66774,0.38986,0.40614,0.33866,0.0140808,0.0046936,0.0140808,0.0046936,0.0140808,0.0046936,0.0140808,0.0046936
77,7515.7,0.44121,0.58147,0.31477,0.92122,0.83618,0.90367,0.51808,0.4959,0.46461,0.44495,0.0254856,0.0084952,0.0254856,0.0084952,0.0254856,0.0084952,0.0254856,0.0084952
270,16385.6,0.26093,0.4316,0.20545,0.95016,0.87419,0.93479,0.66816,0.38935,0.40596,0.33817,0.0140214,0.0046738,0.0140214,0.0046738,0.0140214,0.0046738,0.0140214,0.0046738
78,7579.6,0.42712,0.5807,0.31139,0.89624,0.80349,0.87219,0.48904,0.5266,0.47526,0.48004,0.0254262,0.0084754,0.0254262,0.0084754,0.0254262,0.0084754,0.0254262,0.0084754
271,16449.2,0.25797,0.42586,0.20082,0.94945,0.87445,0.93457,0.66952,0.38955,0.40505,0.33805,0.013962,0.004654,0.013962,0.004654,0.013962,0.004654,0.013962,0.004654
79,7644.79,0.44557,0.5704,0.32168,0.91292,0.80731,0.88294,0.50678,0.49482,0.46169,0.42847,0.0253668,0.0084556,0.0253668,0.0084556,0.0253668,0.0084556,0.0253668,0.0084556
272,16514.4,0.25688,0.4259,0.20246,0.94451,0.87336,0.93473,0.67018,0.38911,0.40696,0.3355,0.0139026,0.0046342,0.0139026,0.0046342,0.0139026,0.0046342,0.0139026,0.0046342
80,7708.59,0.42773,0.56775,0.31036,0.88832,0.79312,0.86361,0.45105,0.55288,0.48726,0.51412,0.0253074,0.0084358,0.0253074,0.0084358,0.0253074,0.0084358,0.0253074,0.0084358
273,16578.3,0.25531,0.421,0.20137,0.94236,0.88346,0.93609,0.66943,0.38993,0.40612,0.33696,0.0138432,0.0046144,0.0138432,0.0046144,0.0138432,0.0046144,0.0138432,0.0046144
81,7773.17,0.41877,0.56258,0.30792,0.91344,0.84552,0.90092,0.53423,0.47368,0.45444,0.41546,0.025248,0.008416,0.025248,0.008416,0.025248,0.008416,0.025248,0.008416
274,16641.8,0.24903,0.42905,0.19742,0.94305,0.88579,0.93837,0.67058,0.38985,0.40573,0.33643,0.0137838,0.0045946,0.0137838,0.0045946,0.0137838,0.0045946,0.0137838,0.0045946
82,7837.19,0.44125,0.5578,0.31289,0.90194,0.83024,0.89425,0.52076,0.49226,0.46268,0.43976,0.0251886,0.0083962,0.0251886,0.0083962,0.0251886,0.0083962,0.0251886,0.0083962
275,16705.9,0.25572,0.42344,0.19916,0.94301,0.88517,0.93763,0.66938,0.39083,0.40444,0.33931,0.0137244,0.0045748,0.0137244,0.0045748,0.0137244,0.0045748,0.0137244,0.0045748
83,7901.11,0.45954,0.56745,0.32572,0.90466,0.81987,0.88364,0.47221,0.53421,0.46483,0.51055,0.0251292,0.0083764,0.0251292,0.0083764,0.0251292,0.0083764,0.0251292,0.0083764
276,16769.7,0.2564,0.43329,0.20433,0.94698,0.87718,0.93659,0.66905,0.39011,0.40603,0.33655,0.013665,0.004555,0.013665,0.004555,0.013665,0.004555,0.013665,0.004555
84,7965.47,0.43228,0.57,0.31389,0.92319,0.84279,0.90471,0.52652,0.49461,0.45374,0.43883,0.0250698,0.0083566,0.0250698,0.0083566,0.0250698,0.0083566,0.0250698,0.0083566
277,16833.1,0.26408,0.43132,0.20677,0.93899,0.88646,0.93617,0.66842,0.39,0.40691,0.33693,0.0136056,0.0045352,0.0136056,0.0045352,0.0136056,0.0045352,0.0136056,0.0045352
85,8034.93,0.43119,0.5722,0.31551,0.91146,0.84288,0.8989,0.52961,0.49134,0.45261,0.42832,0.0250104,0.0083368,0.0250104,0.0083368,0.0250104,0.0083368,0.0250104,0.0083368
278,16905.1,0.25451,0.42619,0.19695,0.94079,0.88466,0.93737,0.66964,0.38929,0.40601,0.33628,0.0135462,0.0045154,0.0135462,0.0045154,0.0135462,0.0045154,0.0135462,0.0045154
86,8107.32,0.43912,0.56564,0.30803,0.91923,0.85113,0.91709,0.55992,0.46703,0.45346,0.40608,0.024951,0.008317,0.024951,0.008317,0.024951,0.008317,0.024951,0.008317
279,16976.8,0.25226,0.42959,0.19625,0.94175,0.88248,0.9386,0.66893,0.39029,0.40652,0.33559,0.0134868,0.0044956,0.0134868,0.0044956,0.0134868,0.0044956,0.0134868,0.0044956
87,8179.71,0.43632,0.56235,0.31,0.92038,0.84556,0.90937,0.54388,0.47851,0.4406,0.42793,0.0248916,0.0082972,0.0248916,0.0082972,0.0248916,0.0082972,0.0248916,0.0082972
280,17048.8,0.24884,0.42186,0.19724,0.93802,0.88428,0.93635,0.66762,0.39059,0.40673,0.33585,0.0134274,0.0044758,0.0134274,0.0044758,0.0134274,0.0044758,0.0134274,0.0044758
88,8253.51,0.43121,0.55193,0.31739,0.91248,0.84498,0.90524,0.47168,0.5309,0.47406,0.52433,0.0248322,0.0082774,0.0248322,0.0082774,0.0248322,0.0082774,0.0248322,0.0082774
281,17120.5,0.24543,0.42412,0.20002,0.94007,0.88191,0.93765,0.66696,0.39159,0.40509,0.33571,0.013368,0.004456,0.013368,0.004456,0.013368,0.004456,0.013368,0.004456
89,8326.15,0.41815,0.56318,0.2995,0.90494,0.83133,0.89085,0.4722,0.54195,0.47722,0.53189,0.0247728,0.0082576,0.0247728,0.0082576,0.0247728,0.0082576,0.0247728,0.0082576
282,17192.4,0.25551,0.41537,0.1972,0.94004,0.88143,0.9366,0.66583,0.39242,0.40557,0.33627,0.0133086,0.0044362,0.0133086,0.0044362,0.0133086,0.0044362,0.0133086,0.0044362
90,8398.78,0.423,0.56044,0.30207,0.9082,0.84552,0.89599,0.47588,0.53085,0.46929,0.51393,0.0247134,0.0082378,0.0247134,0.0082378,0.0247134,0.0082378,0.0247134,0.0082378
283,17264.8,0.25128,0.4206,0.19548,0.93884,0.87981,0.93573,0.66444,0.39166,0.40538,0.3367,0.0132492,0.0044164,0.0132492,0.0044164,0.0132492,0.0044164,0.0132492,0.0044164
91,8471.06,0.42891,0.55162,0.30016,0.88883,0.82369,0.88571,0.41848,0.58363,0.48628,0.59094,0.024654,0.008218,0.024654,0.008218,0.024654,0.008218,0.024654,0.008218
284,17337,0.25502,0.42302,0.19778,0.93951,0.88046,0.93817,0.66603,0.39364,0.40435,0.3375,0.0131898,0.0043966,0.0131898,0.0043966,0.0131898,0.0043966,0.0131898,0.0043966
92,8543.81,0.4254,0.55165,0.3023,0.91664,0.84035,0.90301,0.5091,0.50767,0.4601,0.45243,0.0245946,0.0081982,0.0245946,0.0081982,0.0245946,0.0081982,0.0245946,0.0081982
285,17408.1,0.2486,0.42226,0.19417,0.94156,0.87882,0.93744,0.66476,0.39315,0.40462,0.33838,0.0131304,0.0043768,0.0131304,0.0043768,0.0131304,0.0043768,0.0131304,0.0043768
93,8616.42,0.42301,0.55495,0.29946,0.92025,0.85153,0.90593,0.56381,0.45643,0.43353,0.39389,0.0245352,0.0081784,0.0245352,0.0081784,0.0245352,0.0081784,0.0245352,0.0081784
286,17480,0.25357,0.42521,0.19308,0.94122,0.8821,0.9379,0.66557,0.39357,0.40465,0.33867,0.013071,0.004357,0.013071,0.004357,0.013071,0.004357,0.013071,0.004357
94,8688.79,0.42089,0.56067,0.2998,0.9223,0.84228,0.90445,0.50859,0.50766,0.46364,0.49186,0.0244758,0.0081586,0.0244758,0.0081586,0.0244758,0.0081586,0.0244758,0.0081586
287,17546,0.2641,0.42698,0.20549,0.94119,0.88224,0.93745,0.66426,0.39538,0.404,0.33936,0.0130116,0.0043372,0.0130116,0.0043372,0.0130116,0.0043372,0.0130116,0.0043372
95,8752.43,0.42023,0.55069,0.30035,0.9264,0.85198,0.91544,0.59022,0.4333,0.44011,0.36898,0.0244164,0.0081388,0.0244164,0.0081388,0.0244164,0.0081388,0.0244164,0.0081388
288,17609.8,0.28108,0.4395,0.21291,0.94076,0.88421,0.93784,0.6661,0.39332,0.40347,0.3383,0.0129522,0.0043174,0.0129522,0.0043174,0.0129522,0.0043174,0.0129522,0.0043174
96,8816.16,0.40167,0.55984,0.29666,0.93416,0.8559,0.92036,0.57751,0.44661,0.44015,0.39059,0.024357,0.008119,0.024357,0.008119,0.024357,0.008119,0.024357,0.008119
289,17673.4,0.2778,0.44194,0.20698,0.94286,0.88263,0.93883,0.66685,0.39265,0.40317,0.33726,0.0128928,0.0042976,0.0128928,0.0042976,0.0128928,0.0042976,0.0128928,0.0042976
97,8880.57,0.41478,0.55814,0.30008,0.90165,0.8307,0.88987,0.47575,0.53717,0.47827,0.51562,0.0242976,0.0080992,0.0242976,0.0080992,0.0242976,0.0080992,0.0242976,0.0080992
290,17737,0.27283,0.4314,0.21139,0.93648,0.88264,0.93702,0.66622,0.39372,0.40279,0.33647,0.0128334,0.0042778,0.0128334,0.0042778,0.0128334,0.0042778,0.0128334,0.0042778
98,8944.5,0.42987,0.56015,0.30249,0.90884,0.83679,0.89694,0.47744,0.54076,0.46861,0.51293,0.0242382,0.0080794,0.0242382,0.0080794,0.0242382,0.0080794,0.0242382,0.0080794
291,17801.1,0.33761,0.45845,0.23418,0.93628,0.88227,0.93768,0.66734,0.39313,0.40368,0.33591,0.012774,0.004258,0.012774,0.004258,0.012774,0.004258,0.012774,0.004258
99,9008.38,0.41601,0.55158,0.29839,0.90255,0.82408,0.88899,0.46308,0.54503,0.47758,0.51639,0.0241788,0.0080596,0.0241788,0.0080596,0.0241788,0.0080596,0.0241788,0.0080596
292,17864.6,0.33418,0.46226,0.24219,0.93881,0.87991,0.93667,0.66717,0.39398,0.40187,0.33829,0.0127146,0.0042382,0.0127146,0.0042382,0.0127146,0.0042382,0.0127146,0.0042382
100,9072.18,0.41949,0.55948,0.30334,0.93499,0.85098,0.91369,0.53438,0.48048,0.44973,0.42821,0.0241194,0.0080398,0.0241194,0.0080398,0.0241194,0.0080398,0.0241194,0.0080398
293,17928.8,0.25775,0.42637,0.2035,0.94248,0.87654,0.93668,0.66813,0.39313,0.40379,0.3379,0.0126552,0.0042184,0.0126552,0.0042184,0.0126552,0.0042184,0.0126552,0.0042184
101,9136.11,0.4145,0.56091,0.29263,0.92352,0.84279,0.90511,0.55282,0.46096,0.44348,0.40424,0.02406,0.00802,0.02406,0.00802,0.02406,0.00802,0.02406,0.00802
294,17992.5,0.25398,0.41607,0.19847,0.93654,0.87991,0.93503,0.66729,0.39347,0.40401,0.33774,0.0125958,0.0041986,0.0125958,0.0041986,0.0125958,0.0041986,0.0125958,0.0041986
102,9199.86,0.42052,0.55325,0.29303,0.92755,0.84662,0.90802,0.52272,0.49824,0.44977,0.45697,0.0240006,0.0080002,0.0240006,0.0080002,0.0240006,0.0080002,0.0240006,0.0080002
295,18056.4,0.24776,0.41869,0.19419,0.94057,0.87252,0.93333,0.66512,0.39337,0.40334,0.33783,0.0125364,0.0041788,0.0125364,0.0041788,0.0125364,0.0041788,0.0125364,0.0041788
103,9263.93,0.42051,0.54593,0.29533,0.9211,0.84115,0.91119,0.50705,0.50921,0.45639,0.47547,0.0239412,0.0079804,0.0239412,0.0079804,0.0239412,0.0079804,0.0239412,0.0079804
296,18120.2,0.24904,0.42468,0.19291,0.93885,0.87336,0.93364,0.66667,0.3936,0.40244,0.33776,0.012477,0.004159,0.012477,0.004159,0.012477,0.004159,0.012477,0.004159
104,9328.29,0.42231,0.5455,0.28871,0.92607,0.83952,0.90323,0.54995,0.47563,0.44148,0.42002,0.0238818,0.0079606,0.0238818,0.0079606,0.0238818,0.0079606,0.0238818,0.0079606
297,18183.6,0.26567,0.41735,0.20476,0.94666,0.869,0.93631,0.66816,0.39333,0.40291,0.33707,0.0124176,0.0041392,0.0124176,0.0041392,0.0124176,0.0041392,0.0124176,0.0041392
105,9392.12,0.40078,0.55231,0.28594,0.90955,0.87282,0.92337,0.57728,0.44656,0.43439,0.38779,0.0238224,0.0079408,0.0238224,0.0079408,0.0238224,0.0079408,0.0238224,0.0079408
298,18247.3,0.34708,0.45706,0.24645,0.94662,0.86845,0.93441,0.66683,0.39254,0.40348,0.3367,0.0123582,0.0041194,0.0123582,0.0041194,0.0123582,0.0041194,0.0123582,0.0041194
106,9456.51,0.40894,0.54848,0.29345,0.91099,0.85371,0.90911,0.5318,0.49153,0.45526,0.45575,0.023763,0.007921,0.023763,0.007921,0.023763,0.007921,0.023763,0.007921
299,18311,0.28244,0.43379,0.21344,0.94388,0.875,0.93481,0.66823,0.3931,0.40323,0.33735,0.0122988,0.0040996,0.0122988,0.0040996,0.0122988,0.0040996,0.0122988,0.0040996
107,9520.53,0.41064,0.54787,0.28915,0.93219,0.83024,0.90706,0.52433,0.49044,0.46123,0.45367,0.0237036,0.0079012,0.0237036,0.0079012,0.0237036,0.0079012,0.0237036,0.0079012
300,18374.7,0.29406,0.44355,0.21544,0.94559,0.87063,0.93461,0.66827,0.39333,0.4041,0.33753,0.0122394,0.0040798,0.0122394,0.0040798,0.0122394,0.0040798,0.0122394,0.0040798
108,9584.72,0.41091,0.54392,0.2861,0.91343,0.8582,0.91132,0.56926,0.45846,0.44295,0.39842,0.0236442,0.0078814,0.0236442,0.0078814,0.0236442,0.0078814,0.0236442,0.0078814
301,18438.1,0.30063,0.4436,0.22393,0.94483,0.86935,0.93657,0.66945,0.39309,0.40419,0.33782,0.01218,0.00406,0.01218,0.00406,0.01218,0.00406,0.01218,0.00406
109,9649.33,0.40646,0.54307,0.29011,0.92113,0.85699,0.91147,0.5209,0.50205,0.46002,0.48053,0.0235848,0.0078616,0.0235848,0.0078616,0.0235848,0.0078616,0.0235848,0.0078616
302,18501.4,0.27902,0.42865,0.20503,0.93707,0.88046,0.93737,0.6701,0.39291,0.40459,0.33772,0.0121206,0.0040402,0.0121206,0.0040402,0.0121206,0.0040402,0.0121206,0.0040402
110,9713.17,0.40257,0.54515,0.29187,0.90725,0.8383,0.89907,0.46979,0.54381,0.46733,0.52916,0.0235254,0.0078418,0.0235254,0.0078418,0.0235254,0.0078418,0.0235254,0.0078418
303,18565.2,0.29169,0.43363,0.21351,0.9359,0.87555,0.93472,0.66829,0.39253,0.40443,0.33891,0.0120612,0.0040204,0.0120612,0.0040204,0.0120612,0.0040204,0.0120612,0.0040204
111,9776.95,0.40202,0.55587,0.29413,0.90985,0.85426,0.90574,0.53865,0.48263,0.44876,0.43804,0.023466,0.007822,0.023466,0.007822,0.023466,0.007822,0.023466,0.007822
304,18629.2,0.27726,0.43207,0.20697,0.94476,0.87828,0.9377,0.66868,0.39264,0.40403,0.3391,0.0120018,0.0040006,0.0120018,0.0040006,0.0120018,0.0040006,0.0120018,0.0040006
112,9840.87,0.40263,0.54082,0.28254,0.91288,0.84656,0.90404,0.49878,0.51324,0.46564,0.48818,0.0234066,0.0078022,0.0234066,0.0078022,0.0234066,0.0078022,0.0234066,0.0078022
305,18693.3,0.254,0.40789,0.19348,0.94412,0.87773,0.93751,0.66983,0.39278,0.40397,0.33811,0.0119424,0.0039808,0.0119424,0.0039808,0.0119424,0.0039808,0.0119424,0.0039808
113,9905.67,0.40258,0.55062,0.29164,0.93091,0.84662,0.91081,0.52228,0.49455,0.46004,0.4563,0.0233472,0.0077824,0.0233472,0.0077824,0.0233472,0.0077824,0.0233472,0.0077824
306,18756.7,0.24628,0.4052,0.18948,0.94591,0.87445,0.93699,0.67049,0.39262,0.40231,0.33839,0.011883,0.003961,0.011883,0.003961,0.011883,0.003961,0.011883,0.003961
114,9970.03,0.42545,0.54621,0.29287,0.93934,0.84934,0.92271,0.58747,0.44591,0.43188,0.40015,0.0232878,0.0077626,0.0232878,0.0077626,0.0232878,0.0077626,0.0232878,0.0077626
307,18820.2,0.24528,0.41469,0.19545,0.94574,0.87336,0.93635,0.66978,0.39305,0.40204,0.33871,0.0118236,0.0039412,0.0118236,0.0039412,0.0118236,0.0039412,0.0118236,0.0039412
115,10033.9,0.40423,0.5435,0.28951,0.90651,0.86081,0.91165,0.56164,0.46122,0.44076,0.41197,0.0232284,0.0077428,0.0232284,0.0077428,0.0232284,0.0077428,0.0232284,0.0077428
308,18884,0.25103,0.41183,0.19888,0.94578,0.875,0.93718,0.66996,0.39377,0.40148,0.33918,0.0117642,0.0039214,0.0117642,0.0039214,0.0117642,0.0039214,0.0117642,0.0039214
116,10097.8,0.41068,0.53377,0.28445,0.92866,0.85207,0.91765,0.5679,0.44736,0.44126,0.39618,0.023169,0.007723,0.023169,0.007723,0.023169,0.007723,0.023169,0.007723
309,18948,0.24236,0.40908,0.1893,0.94521,0.87391,0.93548,0.66952,0.39391,0.4018,0.33915,0.0117048,0.0039016,0.0117048,0.0039016,0.0117048,0.0039016,0.0117048,0.0039016
117,10161.5,0.41123,0.54424,0.28736,0.92521,0.8508,0.91554,0.53337,0.48029,0.45768,0.45902,0.0231096,0.0077032,0.0231096,0.0077032,0.0231096,0.0077032,0.0231096,0.0077032
310,19011.7,0.25183,0.40989,0.19482,0.94613,0.87243,0.93503,0.6706,0.39281,0.40315,0.33781,0.0116454,0.0038818,0.0116454,0.0038818,0.0116454,0.0038818,0.0116454,0.0038818
118,10226,0.40124,0.53361,0.2871,0.91499,0.85195,0.90427,0.50892,0.50949,0.46312,0.48892,0.0230502,0.0076834,0.0230502,0.0076834,0.0230502,0.0076834,0.0230502,0.0076834
311,19075,0.2564,0.41513,0.19726,0.94548,0.87282,0.93433,0.67101,0.39249,0.4039,0.33815,0.011586,0.003862,0.011586,0.003862,0.011586,0.003862,0.011586,0.003862
119,10290.2,0.39635,0.5265,0.27969,0.93019,0.85095,0.9099,0.51509,0.51248,0.45573,0.48634,0.0229908,0.0076636,0.0229908,0.0076636,0.0229908,0.0076636,0.0229908,0.0076636
312,19138.5,0.27896,0.42837,0.21224,0.94559,0.87277,0.93374,0.67039,0.39159,0.40453,0.33725,0.0115266,0.0038422,0.0115266,0.0038422,0.0115266,0.0038422,0.0115266,0.0038422
120,10354,0.40341,0.532,0.27989,0.9141,0.84807,0.90706,0.49515,0.52066,0.47108,0.51567,0.0229314,0.0076438,0.0229314,0.0076438,0.0229314,0.0076438,0.0229314,0.0076438
313,19202.1,0.31358,0.44184,0.23308,0.9445,0.87391,0.93517,0.67186,0.39165,0.4037,0.3358,0.0114672,0.0038224,0.0114672,0.0038224,0.0114672,0.0038224,0.0114672,0.0038224
121,10418.4,0.38597,0.5397,0.27481,0.92456,0.84959,0.91126,0.54073,0.48291,0.45042,0.44328,0.022872,0.007624,0.022872,0.007624,0.022872,0.007624,0.022872,0.007624
314,19265.4,0.24998,0.41568,0.19181,0.94342,0.875,0.93492,0.67186,0.39123,0.40343,0.33526,0.0114078,0.0038026,0.0114078,0.0038026,0.0114078,0.0038026,0.0114078,0.0038026
122,10482.7,0.39939,0.54008,0.28605,0.92853,0.851,0.9169,0.54719,0.47469,0.45509,0.44308,0.0228126,0.0076042,0.0228126,0.0076042,0.0228126,0.0076042,0.0228126,0.0076042
315,19328.6,0.24142,0.39818,0.18595,0.94567,0.87413,0.93512,0.67105,0.39091,0.40243,0.33534,0.0113484,0.0037828,0.0113484,0.0037828,0.0113484,0.0037828,0.0113484,0.0037828
123,10547,0.39538,0.53619,0.27777,0.91762,0.86338,0.9116,0.53678,0.48051,0.45568,0.44477,0.0227532,0.0075844,0.0227532,0.0075844,0.0227532,0.0075844,0.0227532,0.0075844
316,19391.9,0.24299,0.40759,0.19348,0.94362,0.87445,0.93597,0.67152,0.38968,0.40394,0.33299,0.011289,0.003763,0.011289,0.003763,0.011289,0.003763,0.011289,0.003763
124,10611.3,0.39204,0.53439,0.27694,0.90777,0.84716,0.90142,0.50209,0.51767,0.45685,0.49417,0.0226938,0.0075646,0.0226938,0.0075646,0.0226938,0.0075646,0.0226938,0.0075646
317,19455.3,0.24042,0.4039,0.18368,0.94396,0.87344,0.93428,0.67078,0.38982,0.40288,0.33373,0.0112296,0.0037432,0.0112296,0.0037432,0.0112296,0.0037432,0.0112296,0.0037432
125,10675.2,0.39206,0.53601,0.28411,0.90968,0.86135,0.91366,0.56021,0.46725,0.43489,0.41851,0.0226344,0.0075448,0.0226344,0.0075448,0.0226344,0.0075448,0.0226344,0.0075448
318,19519.2,0.24168,0.40792,0.18773,0.94661,0.87099,0.93484,0.67257,0.39123,0.40214,0.33467,0.0111702,0.0037234,0.0111702,0.0037234,0.0111702,0.0037234,0.0111702,0.0037234
126,10739.4,0.38333,0.54057,0.27872,0.93142,0.84513,0.91131,0.56477,0.46464,0.43663,0.41778,0.022575,0.007525,0.022575,0.007525,0.022575,0.007525,0.022575,0.007525
319,19582.7,0.23631,0.40389,0.18788,0.9466,0.87082,0.93562,0.67173,0.39096,0.40217,0.33451,0.0111108,0.0037036,0.0111108,0.0037036,0.0111108,0.0037036,0.0111108,0.0037036
127,10803.4,0.3918,0.52932,0.29266,0.9201,0.86736,0.92266,0.57066,0.456,0.43911,0.4161,0.0225156,0.0075052,0.0225156,0.0075052,0.0225156,0.0075052,0.0225156,0.0075052
320,19646.3,0.23924,0.40158,0.18306,0.94655,0.86992,0.93436,0.6719,0.39091,0.40257,0.33432,0.0110514,0.0036838,0.0110514,0.0036838,0.0110514,0.0036838,0.0110514,0.0036838
128,10867.2,0.38303,0.52875,0.27882,0.93888,0.87282,0.92991,0.59971,0.4336,0.43139,0.38513,0.0224562,0.0074854,0.0224562,0.0074854,0.0224562,0.0074854,0.0224562,0.0074854
321,19709.8,0.23842,0.40256,0.19029,0.94592,0.87118,0.93386,0.67088,0.39047,0.40224,0.33369,0.010992,0.003664,0.010992,0.003664,0.010992,0.003664,0.010992,0.003664
129,10932.3,0.39862,0.54422,0.28307,0.9244,0.869,0.92285,0.56227,0.45954,0.44521,0.42568,0.0223968,0.0074656,0.0223968,0.0074656,0.0223968,0.0074656,0.0223968,0.0074656
322,19773.1,0.23965,0.40191,0.18489,0.94748,0.87172,0.93406,0.67229,0.39046,0.40276,0.3325,0.0109326,0.0036442,0.0109326,0.0036442,0.0109326,0.0036442,0.0109326,0.0036442
130,10996.5,0.40001,0.5262,0.27671,0.916,0.85808,0.91373,0.53898,0.48244,0.45187,0.45314,0.0223374,0.0074458,0.0223374,0.0074458,0.0223374,0.0074458,0.0223374,0.0074458
323,19836.3,0.23984,0.39601,0.18256,0.94725,0.87118,0.93401,0.67275,0.39017,0.40264,0.33214,0.0108732,0.0036244,0.0108732,0.0036244,0.0108732,0.0036244,0.0108732,0.0036244
131,11060.8,0.39579,0.53623,0.27623,0.91725,0.85153,0.91044,0.51612,0.50065,0.46579,0.48037,0.022278,0.007426,0.022278,0.007426,0.022278,0.007426,0.022278,0.007426
324,19899.9,0.24251,0.4028,0.18808,0.94484,0.87172,0.93594,0.6757,0.38924,0.4031,0.33115,0.0108138,0.0036046,0.0108138,0.0036046,0.0108138,0.0036046,0.0108138,0.0036046
132,11124.3,0.37778,0.53244,0.27799,0.91769,0.85199,0.9095,0.53967,0.48706,0.4543,0.45453,0.0222186,0.0074062,0.0222186,0.0074062,0.0222186,0.0074062,0.0222186,0.0074062
325,19964.2,0.23688,0.39913,0.18894,0.94322,0.87172,0.93467,0.67433,0.3894,0.40357,0.33186,0.0107544,0.0035848,0.0107544,0.0035848,0.0107544,0.0035848,0.0107544,0.0035848
133,11188,0.39521,0.53562,0.28049,0.91433,0.85371,0.90789,0.53487,0.48776,0.45459,0.45646,0.0221592,0.0073864,0.0221592,0.0073864,0.0221592,0.0073864,0.0221592,0.0073864
326,20027.8,0.24318,0.40364,0.18986,0.94489,0.87391,0.93637,0.67503,0.38956,0.40305,0.33162,0.010695,0.003565,0.010695,0.003565,0.010695,0.003565,0.010695,0.003565
134,11252.3,0.38343,0.52721,0.27578,0.91656,0.86026,0.91584,0.56225,0.46196,0.44563,0.42331,0.0220998,0.0073666,0.0220998,0.0073666,0.0220998,0.0073666,0.0220998,0.0073666
327,20091.2,0.24284,0.39877,0.189,0.94394,0.87309,0.93431,0.6743,0.38897,0.40244,0.3313,0.0106356,0.0035452,0.0106356,0.0035452,0.0106356,0.0035452,0.0106356,0.0035452
135,11316,0.37633,0.53045,0.27732,0.92712,0.85416,0.91811,0.56159,0.46436,0.44425,0.4235,0.0220404,0.0073468,0.0220404,0.0073468,0.0220404,0.0073468,0.0220404,0.0073468
328,20154.8,0.24232,0.40072,0.18657,0.94291,0.87455,0.93488,0.67535,0.38825,0.40214,0.33036,0.0105762,0.0035254,0.0105762,0.0035254,0.0105762,0.0035254,0.0105762,0.0035254
136,11380.4,0.38205,0.53574,0.27653,0.90083,0.84288,0.90297,0.51617,0.511,0.45597,0.46645,0.021981,0.007327,0.021981,0.007327,0.021981,0.007327,0.021981,0.007327
329,20218.3,0.2349,0.39673,0.18513,0.94329,0.87158,0.93402,0.67562,0.38796,0.40207,0.32992,0.0105168,0.0035056,0.0105168,0.0035056,0.0105168,0.0035056,0.0105168,0.0035056
137,11444.7,0.37995,0.53089,0.27031,0.92519,0.85808,0.91558,0.56854,0.4651,0.4289,0.41215,0.0219216,0.0073072,0.0219216,0.0073072,0.0219216,0.0073072,0.0219216,0.0073072
330,20281.6,0.25333,0.41634,0.19021,0.94282,0.87282,0.93496,0.67579,0.3879,0.40218,0.32974,0.0104574,0.0034858,0.0104574,0.0034858,0.0104574,0.0034858,0.0104574,0.0034858
138,11508.5,0.38299,0.52711,0.27318,0.9264,0.85886,0.92044,0.58182,0.45412,0.43234,0.3972,0.0218622,0.0072874,0.0218622,0.0072874,0.0218622,0.0072874,0.0218622,0.0072874
331,20345.2,0.24264,0.39728,0.1848,0.94338,0.87316,0.93598,0.67834,0.38694,0.40226,0.32787,0.010398,0.003466,0.010398,0.003466,0.010398,0.003466,0.010398,0.003466
139,11554.6,0.38544,0.52884,0.27015,0.9269,0.84389,0.91329,0.56894,0.46674,0.43397,0.40822,0.0218028,0.0072676,0.0218028,0.0072676,0.0218028,0.0072676,0.0218028,0.0072676
140,11593.8,0.38359,0.53063,0.27615,0.91811,0.85317,0.91277,0.57169,0.46587,0.43326,0.40511,0.0217434,0.0072478,0.0217434,0.0072478,0.0217434,0.0072478,0.0217434,0.0072478
141,11633.1,0.39176,0.52439,0.27159,0.9176,0.85699,0.91256,0.55216,0.47466,0.45151,0.42624,0.021684,0.007228,0.021684,0.007228,0.021684,0.007228,0.021684,0.007228
142,11672.1,0.37703,0.51278,0.26866,0.92038,0.85178,0.91107,0.5648,0.46865,0.44457,0.41817,0.0216246,0.0072082,0.0216246,0.0072082,0.0216246,0.0072082,0.0216246,0.0072082
143,11711.1,0.3779,0.5279,0.26453,0.93602,0.84607,0.91181,0.58502,0.44575,0.44221,0.39175,0.0215652,0.0071884,0.0215652,0.0071884,0.0215652,0.0071884,0.0215652,0.0071884
144,11750.4,0.37884,0.53139,0.26595,0.9392,0.86135,0.92483,0.61031,0.4266,0.43364,0.36361,0.0215058,0.0071686,0.0215058,0.0071686,0.0215058,0.0071686,0.0215058,0.0071686
145,11789.6,0.37931,0.52308,0.26394,0.93344,0.85535,0.91278,0.58466,0.44824,0.44268,0.39757,0.0214464,0.0071488,0.0214464,0.0071488,0.0214464,0.0071488,0.0214464,0.0071488
146,11828.8,0.37859,0.52243,0.26442,0.92465,0.8488,0.90922,0.56592,0.4724,0.43668,0.42163,0.021387,0.007129,0.021387,0.007129,0.021387,0.007129,0.021387,0.007129
147,11868.3,0.37961,0.52234,0.2663,0.92838,0.842,0.90681,0.54198,0.4898,0.45265,0.46191,0.0213276,0.0071092,0.0213276,0.0071092,0.0213276,0.0071092,0.0213276,0.0071092
148,11907.5,0.37358,0.5219,0.27389,0.93382,0.86267,0.92117,0.61347,0.42353,0.42862,0.38264,0.0212682,0.0070894,0.0212682,0.0070894,0.0212682,0.0070894,0.0212682,0.0070894
149,11946.9,0.38885,0.52889,0.27062,0.94215,0.87113,0.92728,0.61993,0.42029,0.4178,0.37882,0.0212088,0.0070696,0.0212088,0.0070696,0.0212088,0.0070696,0.0212088,0.0070696
150,11986.1,0.39514,0.52287,0.27276,0.93139,0.8619,0.92543,0.60986,0.42942,0.42616,0.381,0.0211494,0.0070498,0.0211494,0.0070498,0.0211494,0.0070498,0.0211494,0.0070498
151,12025.2,0.38574,0.51657,0.27182,0.93652,0.8617,0.92473,0.60796,0.4369,0.42269,0.39104,0.02109,0.00703,0.02109,0.00703,0.02109,0.00703,0.02109,0.00703
152,12064.3,0.3712,0.51249,0.26223,0.93579,0.86707,0.92621,0.63235,0.41393,0.41084,0.36154,0.0210306,0.0070102,0.0210306,0.0070102,0.0210306,0.0070102,0.0210306,0.0070102
153,12103.7,0.36743,0.51621,0.26822,0.94529,0.85862,0.92419,0.59613,0.44181,0.42857,0.39871,0.0209712,0.0069904,0.0209712,0.0069904,0.0209712,0.0069904,0.0209712,0.0069904
154,12142.9,0.37863,0.5161,0.27124,0.93059,0.8548,0.91827,0.58094,0.4564,0.4331,0.4183,0.0209118,0.0069706,0.0209118,0.0069706,0.0209118,0.0069706,0.0209118,0.0069706
155,12182,0.35936,0.51502,0.26436,0.93394,0.85657,0.92066,0.59456,0.44198,0.42619,0.40299,0.0208524,0.0069508,0.0208524,0.0069508,0.0208524,0.0069508,0.0208524,0.0069508
156,12221.5,0.38379,0.52195,0.26462,0.93878,0.86217,0.91953,0.58813,0.44768,0.43598,0.41189,0.020793,0.006931,0.020793,0.006931,0.020793,0.006931,0.020793,0.006931
157,12260.7,0.37511,0.51473,0.27173,0.94548,0.8614,0.92518,0.60585,0.43217,0.42786,0.38806,0.0207336,0.0069112,0.0207336,0.0069112,0.0207336,0.0069112,0.0207336,0.0069112
158,12299.9,0.38286,0.50469,0.26401,0.93978,0.86845,0.92764,0.6155,0.42643,0.42076,0.37588,0.0206742,0.0068914,0.0206742,0.0068914,0.0206742,0.0068914,0.0206742,0.0068914
159,12339.4,0.36384,0.52015,0.26029,0.93616,0.86517,0.92337,0.60911,0.43063,0.4257,0.37817,0.0206148,0.0068716,0.0206148,0.0068716,0.0206148,0.0068716,0.0206148,0.0068716
160,12378.6,0.36179,0.51814,0.25792,0.93843,0.86528,0.92263,0.59857,0.43991,0.43085,0.38925,0.0205554,0.0068518,0.0205554,0.0068518,0.0205554,0.0068518,0.0205554,0.0068518
161,12417.7,0.36558,0.51438,0.26066,0.93793,0.86517,0.92684,0.59998,0.44032,0.43068,0.39273,0.020496,0.006832,0.020496,0.006832,0.020496,0.006832,0.020496,0.006832
162,12457,0.37699,0.5198,0.26533,0.93702,0.869,0.92773,0.60363,0.44201,0.42625,0.39493,0.0204366,0.0068122,0.0204366,0.0068122,0.0204366,0.0068122,0.0204366,0.0068122
163,12496.5,0.37469,0.50929,0.26609,0.93561,0.86448,0.92297,0.59759,0.4446,0.43333,0.40118,0.0203772,0.0067924,0.0203772,0.0067924,0.0203772,0.0067924,0.0203772,0.0067924
164,12535.6,0.36791,0.50828,0.25772,0.93325,0.86996,0.9245,0.59644,0.44235,0.43588,0.3996,0.0203178,0.0067726,0.0203178,0.0067726,0.0203178,0.0067726,0.0203178,0.0067726
165,12574.8,0.3549,0.50695,0.26303,0.93843,0.85691,0.92084,0.57043,0.46913,0.44728,0.43367,0.0202584,0.0067528,0.0202584,0.0067528,0.0202584,0.0067528,0.0202584,0.0067528
166,12613.9,0.37403,0.5105,0.26092,0.92782,0.86627,0.92187,0.5786,0.4619,0.43517,0.42066,0.020199,0.006733,0.020199,0.006733,0.020199,0.006733,0.020199,0.006733
167,12653,0.36844,0.51763,0.26018,0.93668,0.86681,0.92415,0.59134,0.44845,0.43066,0.39713,0.0201396,0.0067132,0.0201396,0.0067132,0.0201396,0.0067132,0.0201396,0.0067132
168,12692,0.36846,0.5183,0.2631,0.93667,0.86517,0.92581,0.57501,0.46262,0.4354,0.41089,0.0200802,0.0066934,0.0200802,0.0066934,0.0200802,0.0066934,0.0200802,0.0066934
169,12731.3,0.37738,0.50901,0.26433,0.94427,0.85753,0.92357,0.58392,0.45707,0.43217,0.40261,0.0200208,0.0066736,0.0200208,0.0066736,0.0200208,0.0066736,0.0200208,0.0066736
170,12770.4,0.35884,0.51206,0.26777,0.94003,0.85917,0.92126,0.59007,0.44883,0.43044,0.39527,0.0199614,0.0066538,0.0199614,0.0066538,0.0199614,0.0066538,0.0199614,0.0066538
171,12809.7,0.35554,0.50274,0.26004,0.93294,0.86517,0.92171,0.58535,0.45441,0.43347,0.40897,0.019902,0.006634,0.019902,0.006634,0.019902,0.006634,0.019902,0.006634
172,12849.1,0.34772,0.50915,0.25119,0.93646,0.86572,0.92166,0.57912,0.45364,0.4367,0.41088,0.0198426,0.0066142,0.0198426,0.0066142,0.0198426,0.0066142,0.0198426,0.0066142
173,12888.4,0.37037,0.51249,0.26576,0.93447,0.86081,0.91967,0.57205,0.45969,0.4341,0.41525,0.0197832,0.0065944,0.0197832,0.0065944,0.0197832,0.0065944,0.0197832,0.0065944
174,12927.5,0.36732,0.50846,0.26149,0.93731,0.86514,0.92455,0.57233,0.46788,0.43422,0.42124,0.0197238,0.0065746,0.0197238,0.0065746,0.0197238,0.0065746,0.0197238,0.0065746
175,12966.9,0.35405,0.49979,0.26134,0.9443,0.86054,0.92509,0.58438,0.45283,0.42981,0.4088,0.0196644,0.0065548,0.0196644,0.0065548,0.0196644,0.0065548,0.0196644,0.0065548
176,13006,0.37834,0.50833,0.25996,0.93704,0.85305,0.92283,0.57057,0.46973,0.42901,0.42484,0.019605,0.006535,0.019605,0.006535,0.019605,0.006535,0.019605,0.006535
177,13045.2,0.36216,0.4971,0.25855,0.94146,0.85148,0.91922,0.57916,0.46033,0.42878,0.40499,0.0195456,0.0065152,0.0195456,0.0065152,0.0195456,0.0065152,0.0195456,0.0065152
178,13084.6,0.35093,0.49614,0.25094,0.93588,0.85244,0.91947,0.5876,0.45487,0.42611,0.39974,0.0194862,0.0064954,0.0194862,0.0064954,0.0194862,0.0064954,0.0194862,0.0064954
179,13123.7,0.35798,0.50779,0.25594,0.9355,0.86572,0.92479,0.59242,0.44709,0.42819,0.39226,0.0194268,0.0064756,0.0194268,0.0064756,0.0194268,0.0064756,0.0194268,0.0064756
180,13162.7,0.36332,0.50219,0.25668,0.94029,0.86818,0.92651,0.5961,0.44145,0.42564,0.39084,0.0193674,0.0064558,0.0193674,0.0064558,0.0193674,0.0064558,0.0193674,0.0064558
181,13201.8,0.35992,0.50731,0.25511,0.94032,0.8687,0.92753,0.60781,0.43282,0.42149,0.38268,0.019308,0.006436,0.019308,0.006436,0.019308,0.006436,0.019308,0.006436
182,13241.1,0.35673,0.50168,0.25429,0.93636,0.86736,0.92884,0.60863,0.43454,0.42351,0.38318,0.0192486,0.0064162,0.0192486,0.0064162,0.0192486,0.0064162,0.0192486,0.0064162
183,13280.5,0.35643,0.50453,0.24814,0.93717,0.86354,0.92582,0.5998,0.44094,0.4247,0.38994,0.0191892,0.0063964,0.0191892,0.0063964,0.0191892,0.0063964,0.0191892,0.0063964
184,13319.6,0.3495,0.48923,0.2556,0.93636,0.86738,0.92722,0.60053,0.44284,0.42238,0.39413,0.0191298,0.0063766,0.0191298,0.0063766,0.0191298,0.0063766,0.0191298,0.0063766
185,13358.9,0.37532,0.50961,0.25804,0.93207,0.8688,0.92368,0.58886,0.44775,0.42716,0.40444,0.0190704,0.0063568,0.0190704,0.0063568,0.0190704,0.0063568,0.0190704,0.0063568
186,13398.1,0.36056,0.4983,0.26141,0.93346,0.8619,0.9227,0.56832,0.46743,0.43748,0.42729,0.019011,0.006337,0.019011,0.006337,0.019011,0.006337,0.019011,0.006337
187,13437.2,0.37314,0.50597,0.26486,0.92742,0.87227,0.9258,0.57433,0.46359,0.43222,0.41817,0.0189516,0.0063172,0.0189516,0.0063172,0.0189516,0.0063172,0.0189516,0.0063172
188,13476.3,0.3616,0.49856,0.25911,0.92105,0.881,0.92828,0.58024,0.4608,0.42689,0.41597,0.0188922,0.0062974,0.0188922,0.0062974,0.0188922,0.0062974,0.0188922,0.0062974
189,13515.8,0.35329,0.49541,0.25697,0.9173,0.87785,0.92803,0.58433,0.45715,0.42792,0.40891,0.0188328,0.0062776,0.0188328,0.0062776,0.0188328,0.0062776,0.0188328,0.0062776
190,13555,0.35417,0.50142,0.25195,0.92671,0.86627,0.92572,0.58785,0.45373,0.43063,0.4034,0.0187734,0.0062578,0.0187734,0.0062578,0.0187734,0.0062578,0.0187734,0.0062578
191,13594.3,0.36034,0.50018,0.25783,0.92528,0.86954,0.92748,0.59961,0.44495,0.42941,0.39048,0.018714,0.006238,0.018714,0.006238,0.018714,0.006238,0.018714,0.006238
192,13633.7,0.35728,0.50696,0.24772,0.93347,0.86954,0.92695,0.6063,0.43921,0.4256,0.38031,0.0186546,0.0062182,0.0186546,0.0062182,0.0186546,0.0062182,0.0186546,0.0062182
193,13673,0.34993,0.4969,0.25265,0.93048,0.86945,0.92779,0.61359,0.4332,0.4244,0.3713,0.0185952,0.0061984,0.0185952,0.0061984,0.0185952,0.0061984,0.0185952,0.0061984
194,13712.2,0.34555,0.49727,0.24677,0.93756,0.86877,0.92815,0.62325,0.42118,0.41327,0.36137,0.0185358,0.0061786,0.0185358,0.0061786,0.0185358,0.0061786,0.0185358,0.0061786
195,13751.5,0.35558,0.48543,0.25283,0.9365,0.87227,0.93023,0.61955,0.42671,0.42052,0.36714,0.0184764,0.0061588,0.0184764,0.0061588,0.0184764,0.0061588,0.0184764,0.0061588
196,13790.8,0.3561,0.50557,0.25743,0.93798,0.87009,0.93028,0.61468,0.4309,0.42086,0.37004,0.018417,0.006139,0.018417,0.006139,0.018417,0.006139,0.018417,0.006139
197,13830.2,0.36707,0.50213,0.25569,0.9315,0.86851,0.92622,0.61236,0.43069,0.4216,0.36823,0.0183576,0.0061192,0.0183576,0.0061192,0.0183576,0.0061192,0.0183576,0.0061192
198,13869.5,0.3807,0.51113,0.26664,0.93667,0.85862,0.92452,0.60937,0.43744,0.42012,0.37769,0.0182982,0.0060994,0.0182982,0.0060994,0.0182982,0.0060994,0.0182982,0.0060994
199,13908.7,0.34249,0.4896,0.24815,0.93565,0.86736,0.92464,0.61076,0.43643,0.41995,0.37851,0.0182388,0.0060796,0.0182388,0.0060796,0.0182388,0.0060796,0.0182388,0.0060796
200,13948,0.3457,0.48981,0.24673,0.93588,0.87063,0.93036,0.61953,0.42684,0.419,0.36744,0.0181794,0.0060598,0.0181794,0.0060598,0.0181794,0.0060598,0.0181794,0.0060598
201,13987.5,0.37364,0.49831,0.26618,0.93657,0.86736,0.92998,0.61594,0.43227,0.41566,0.37357,0.01812,0.00604,0.01812,0.00604,0.01812,0.00604,0.01812,0.00604
202,14026.7,0.35535,0.50061,0.24969,0.93551,0.87105,0.92901,0.6114,0.43726,0.4189,0.37923,0.0180606,0.0060202,0.0180606,0.0060202,0.0180606,0.0060202,0.0180606,0.0060202
203,14066,0.34641,0.4934,0.24604,0.9369,0.87526,0.93101,0.61616,0.43515,0.41371,0.37721,0.0180012,0.0060004,0.0180012,0.0060004,0.0180012,0.0060004,0.0180012,0.0060004
204,14105.5,0.34619,0.48075,0.23885,0.93676,0.8732,0.93088,0.62635,0.42598,0.40635,0.36323,0.0179418,0.0059806,0.0179418,0.0059806,0.0179418,0.0059806,0.0179418,0.0059806
205,14144.7,0.35352,0.49152,0.25225,0.9338,0.87771,0.9312,0.63615,0.4192,0.39709,0.3517,0.0178824,0.0059608,0.0178824,0.0059608,0.0178824,0.0059608,0.0178824,0.0059608
206,14184.1,0.37772,0.49734,0.25346,0.94497,0.87171,0.93376,0.64575,0.40731,0.3977,0.34099,0.017823,0.005941,0.017823,0.005941,0.017823,0.005941,0.017823,0.005941
207,14223.5,0.35312,0.48916,0.2489,0.94058,0.87991,0.93619,0.6549,0.39968,0.3981,0.32912,0.0177636,0.0059212,0.0177636,0.0059212,0.0177636,0.0059212,0.0177636,0.0059212
208,14263.1,0.34972,0.48195,0.23928,0.94384,0.875,0.93234,0.64865,0.40529,0.40058,0.33751,0.0177042,0.0059014,0.0177042,0.0059014,0.0177042,0.0059014,0.0177042,0.0059014
209,14302.2,0.34556,0.47992,0.24179,0.93531,0.8839,0.93289,0.65037,0.40689,0.40481,0.34084,0.0176448,0.0058816,0.0176448,0.0058816,0.0176448,0.0058816,0.0176448,0.0058816
210,14341.2,0.33739,0.48362,0.24004,0.93485,0.87937,0.93028,0.64268,0.41297,0.40513,0.34824,0.0175854,0.0058618,0.0175854,0.0058618,0.0175854,0.0058618,0.0175854,0.0058618
211,14380.5,0.35485,0.48698,0.24729,0.94284,0.87664,0.93176,0.64442,0.41074,0.40705,0.34664,0.017526,0.005842,0.017526,0.005842,0.017526,0.005842,0.017526,0.005842
212,14419.7,0.33568,0.4724,0.24137,0.94173,0.87937,0.93294,0.64387,0.4091,0.40897,0.34553,0.0174666,0.0058222,0.0174666,0.0058222,0.0174666,0.0058222,0.0174666,0.0058222
213,14458.9,0.32642,0.4824,0.24103,0.94018,0.87445,0.93184,0.64574,0.40641,0.40559,0.34606,0.0174072,0.0058024,0.0174072,0.0058024,0.0174072,0.0058024,0.0174072,0.0058024
214,14498.2,0.32949,0.47962,0.24195,0.93804,0.87596,0.93125,0.64148,0.40889,0.41064,0.34776,0.0173478,0.0057826,0.0173478,0.0057826,0.0173478,0.0057826,0.0173478,0.0057826
215,14537.3,0.33994,0.47994,0.23863,0.94159,0.87391,0.92878,0.63562,0.41381,0.41531,0.35288,0.0172884,0.0057628,0.0172884,0.0057628,0.0172884,0.0057628,0.0172884,0.0057628
216,14576.5,0.33388,0.47613,0.24066,0.93298,0.87555,0.93015,0.63487,0.41446,0.4154,0.35533,0.017229,0.005743,0.017229,0.005743,0.017229,0.005743,0.017229,0.005743
217,14615.7,0.3381,0.4825,0.24138,0.93359,0.87484,0.92864,0.63387,0.41639,0.41457,0.35707,0.0171696,0.0057232,0.0171696,0.0057232,0.0171696,0.0057232,0.0171696,0.0057232
218,14655,0.33089,0.47489,0.23408,0.93578,0.87009,0.93092,0.64152,0.4131,0.41429,0.35131,0.0171102,0.0057034,0.0171102,0.0057034,0.0171102,0.0057034,0.0171102,0.0057034
219,14694.2,0.32149,0.47728,0.23104,0.93837,0.86681,0.92932,0.64346,0.41016,0.40823,0.34766,0.0170508,0.0056836,0.0170508,0.0056836,0.0170508,0.0056836,0.0170508,0.0056836
220,14733.1,0.32623,0.48067,0.23682,0.93708,0.86981,0.92728,0.63892,0.41333,0.40938,0.3505,0.0169914,0.0056638,0.0169914,0.0056638,0.0169914,0.0056638,0.0169914,0.0056638
221,14772.6,0.3279,0.4822,0.23469,0.93776,0.87391,0.92873,0.63291,0.41696,0.4107,0.35594,0.016932,0.005644,0.016932,0.005644,0.016932,0.005644,0.016932,0.005644
222,14811.8,0.32205,0.47518,0.23472,0.93778,0.87172,0.92989,0.62742,0.42281,0.41586,0.36441,0.0168726,0.0056242,0.0168726,0.0056242,0.0168726,0.0056242,0.0168726,0.0056242
223,14850.9,0.3502,0.47671,0.24238,0.93612,0.87063,0.92974,0.6238,0.42662,0.41724,0.36884,0.0168132,0.0056044,0.0168132,0.0056044,0.0168132,0.0056044,0.0168132,0.0056044
224,14890.2,0.32303,0.47789,0.23299,0.92749,0.87281,0.92614,0.61431,0.43312,0.42046,0.37635,0.0167538,0.0055846,0.0167538,0.0055846,0.0167538,0.0055846,0.0167538,0.0055846
225,14929.4,0.32673,0.4753,0.23438,0.94116,0.8556,0.92242,0.61895,0.42762,0.41984,0.36976,0.0166944,0.0055648,0.0166944,0.0055648,0.0166944,0.0055648,0.0166944,0.0055648
226,14968.6,0.32364,0.47314,0.23613,0.9324,0.86245,0.92284,0.62368,0.42524,0.41461,0.36437,0.016635,0.005545,0.016635,0.005545,0.016635,0.005545,0.016635,0.005545
227,15008,0.325,0.45863,0.23679,0.9278,0.86681,0.92244,0.62273,0.42389,0.42058,0.36372,0.0165756,0.0055252,0.0165756,0.0055252,0.0165756,0.0055252,0.0165756,0.0055252
228,15047.2,0.36361,0.4795,0.25499,0.94195,0.85972,0.92412,0.62255,0.42282,0.42527,0.36521,0.0165162,0.0055054,0.0165162,0.0055054,0.0165162,0.0055054,0.0165162,0.0055054
229,15086.4,0.34669,0.48351,0.24414,0.93876,0.86135,0.92638,0.62196,0.4233,0.42219,0.36522,0.0164568,0.0054856,0.0164568,0.0054856,0.0164568,0.0054856,0.0164568,0.0054856
230,15125.9,0.35455,0.48308,0.24906,0.93821,0.86198,0.92573,0.62498,0.42098,0.41972,0.36287,0.0163974,0.0054658,0.0163974,0.0054658,0.0163974,0.0054658,0.0163974,0.0054658
231,15165.2,0.33426,0.47193,0.23323,0.94672,0.8559,0.92804,0.62673,0.42132,0.41884,0.36298,0.016338,0.005446,0.016338,0.005446,0.016338,0.005446,0.016338,0.005446
232,15204.4,0.32071,0.46562,0.22965,0.95075,0.8535,0.92771,0.62422,0.42642,0.4162,0.36826,0.0162786,0.0054262,0.0162786,0.0054262,0.0162786,0.0054262,0.0162786,0.0054262
233,15243.8,0.33099,0.47356,0.23495,0.94978,0.8488,0.92679,0.61976,0.42843,0.4144,0.37255,0.0162192,0.0054064,0.0162192,0.0054064,0.0162192,0.0054064,0.0162192,0.0054064
234,15283,0.33698,0.47981,0.23558,0.93667,0.86377,0.9279,0.61986,0.42955,0.4146,0.37309,0.0161598,0.0053866,0.0161598,0.0053866,0.0161598,0.0053866,0.0161598,0.0053866
235,15322.2,0.33377,0.4722,0.23491,0.94649,0.85262,0.92576,0.62088,0.42912,0.41314,0.37325,0.0161004,0.0053668,0.0161004,0.0053668,0.0161004,0.0053668,0.0161004,0.0053668
236,15361.4,0.33528,0.47386,0.23145,0.93355,0.86517,0.92734,0.62214,0.42817,0.41707,0.36977,0.016041,0.005347,0.016041,0.005347,0.016041,0.005347,0.016041,0.005347
237,15400.9,0.3168,0.45937,0.23167,0.93559,0.86627,0.92719,0.62229,0.42814,0.41781,0.37025,0.0159816,0.0053272,0.0159816,0.0053272,0.0159816,0.0053272,0.0159816,0.0053272
238,15440,0.31266,0.46989,0.22478,0.93508,0.86478,0.92741,0.62185,0.42532,0.41669,0.3698,0.0159222,0.0053074,0.0159222,0.0053074,0.0159222,0.0053074,0.0159222,0.0053074
239,15479.3,0.31365,0.46214,0.22871,0.93997,0.8632,0.92826,0.62322,0.42583,0.41528,0.36919,0.0158628,0.0052876,0.0158628,0.0052876,0.0158628,0.0052876,0.0158628,0.0052876
240,15518.3,0.2992,0.46219,0.22231,0.93186,0.869,0.92823,0.62436,0.42267,0.41647,0.36475,0.0158034,0.0052678,0.0158034,0.0052678,0.0158034,0.0052678,0.0158034,0.0052678
241,15557.4,0.31935,0.47288,0.23261,0.94253,0.86843,0.93037,0.62843,0.41937,0.41414,0.36171,0.015744,0.005248,0.015744,0.005248,0.015744,0.005248,0.015744,0.005248
242,15596.9,0.32231,0.46187,0.23078,0.94598,0.86991,0.93115,0.63221,0.41684,0.41437,0.35738,0.0156846,0.0052282,0.0156846,0.0052282,0.0156846,0.0052282,0.0156846,0.0052282
243,15636,0.31766,0.4612,0.22644,0.94513,0.87435,0.93345,0.63722,0.41528,0.41262,0.35369,0.0156252,0.0052084,0.0156252,0.0052084,0.0156252,0.0052084,0.0156252,0.0052084
244,15675.2,0.38474,0.49024,0.26353,0.9481,0.86744,0.93345,0.64114,0.41166,0.4098,0.35208,0.0155658,0.0051886,0.0155658,0.0051886,0.0155658,0.0051886,0.0155658,0.0051886
245,15714.4,0.33726,0.47193,0.24231,0.94993,0.86988,0.93308,0.64164,0.41013,0.41066,0.35233,0.0155064,0.0051688,0.0155064,0.0051688,0.0155064,0.0051688,0.0155064,0.0051688
246,15753.9,0.39278,0.47995,0.27005,0.94674,0.87282,0.93393,0.6405,0.41236,0.40913,0.3562,0.015447,0.005149,0.015447,0.005149,0.015447,0.005149,0.015447,0.005149
247,15793.2,0.36323,0.4812,0.24926,0.9507,0.8736,0.93456,0.6444,0.4089,0.40679,0.35314,0.0153876,0.0051292,0.0153876,0.0051292,0.0153876,0.0051292,0.0153876,0.0051292
248,15832.4,0.32571,0.46319,0.22332,0.94625,0.87718,0.93606,0.64745,0.40591,0.40736,0.34815,0.0153282,0.0051094,0.0153282,0.0051094,0.0153282,0.0051094,0.0153282,0.0051094
249,15871.9,0.31705,0.46487,0.22731,0.9475,0.88046,0.93523,0.64659,0.40543,0.41149,0.34641,0.0152688,0.0050896,0.0152688,0.0050896,0.0152688,0.0050896,0.0152688,0.0050896
250,15911.1,0.30808,0.46151,0.22705,0.9474,0.88264,0.93364,0.64375,0.40709,0.41298,0.34713,0.0152094,0.0050698,0.0152094,0.0050698,0.0152094,0.0050698,0.0152094,0.0050698
251,15950.3,0.31149,0.45515,0.21953,0.94639,0.88373,0.93566,0.64372,0.4093,0.40881,0.35075,0.01515,0.00505,0.01515,0.00505,0.01515,0.00505,0.01515,0.00505
252,15989.8,0.32715,0.47626,0.23135,0.94677,0.87828,0.93469,0.64295,0.40878,0.41234,0.34941,0.0150906,0.0050302,0.0150906,0.0050302,0.0150906,0.0050302,0.0150906,0.0050302
253,16029.1,0.31696,0.46749,0.23221,0.9447,0.8765,0.93381,0.64186,0.4128,0.41089,0.35526,0.0150312,0.0050104,0.0150312,0.0050104,0.0150312,0.0050104,0.0150312,0.0050104
254,16068.1,0.32056,0.4653,0.23222,0.94501,0.88155,0.93556,0.64223,0.41193,0.41085,0.3544,0.0149718,0.0049906,0.0149718,0.0049906,0.0149718,0.0049906,0.0149718,0.0049906
255,16107.2,0.33335,0.47807,0.24062,0.94691,0.87882,0.93439,0.64179,0.41391,0.40586,0.35649,0.0149124,0.0049708,0.0149124,0.0049708,0.0149124,0.0049708,0.0149124,0.0049708
256,16146.5,0.33471,0.46785,0.23635,0.94896,0.87287,0.93287,0.63766,0.41612,0.41087,0.35946,0.014853,0.004951,0.014853,0.004951,0.014853,0.004951,0.014853,0.004951
257,16185.6,0.3126,0.46292,0.22466,0.9474,0.87503,0.93199,0.63847,0.41522,0.41035,0.35916,0.0147936,0.0049312,0.0147936,0.0049312,0.0147936,0.0049312,0.0147936,0.0049312
258,16224.9,0.31632,0.45775,0.22275,0.94943,0.87063,0.93229,0.64,0.41464,0.40988,0.35787,0.0147342,0.0049114,0.0147342,0.0049114,0.0147342,0.0049114,0.0147342,0.0049114
259,16264.1,0.29889,0.45726,0.21739,0.94986,0.87227,0.9343,0.63856,0.41602,0.40951,0.35837,0.0146748,0.0048916,0.0146748,0.0048916,0.0146748,0.0048916,0.0146748,0.0048916
260,16303.1,0.30486,0.45783,0.21934,0.94683,0.87609,0.93444,0.64008,0.41547,0.407,0.3596,0.0146154,0.0048718,0.0146154,0.0048718,0.0146154,0.0048718,0.0146154,0.0048718
261,16342.4,0.30622,0.46143,0.22136,0.94598,0.87664,0.93243,0.64081,0.41453,0.4065,0.3578,0.014556,0.004852,0.014556,0.004852,0.014556,0.004852,0.014556,0.004852
262,16381.6,0.4156,0.48745,0.28644,0.94598,0.87718,0.93225,0.63901,0.41346,0.40891,0.35528,0.0144966,0.0048322,0.0144966,0.0048322,0.0144966,0.0048322,0.0144966,0.0048322
263,16420.8,0.31965,0.46764,0.22953,0.94323,0.8797,0.93482,0.63893,0.41592,0.41098,0.35912,0.0144372,0.0048124,0.0144372,0.0048124,0.0144372,0.0048124,0.0144372,0.0048124
264,16460,0.31155,0.45751,0.21186,0.94372,0.88264,0.93467,0.63534,0.41769,0.41078,0.36075,0.0143778,0.0047926,0.0143778,0.0047926,0.0143778,0.0047926,0.0143778,0.0047926
265,16499.1,0.31398,0.45745,0.2203,0.94492,0.88017,0.9352,0.63426,0.41988,0.41177,0.36352,0.0143184,0.0047728,0.0143184,0.0047728,0.0143184,0.0047728,0.0143184,0.0047728
266,16538.3,0.31039,0.45613,0.21835,0.94488,0.87961,0.93275,0.63285,0.42011,0.41221,0.36464,0.014259,0.004753,0.014259,0.004753,0.014259,0.004753,0.014259,0.004753
267,16577.4,0.32417,0.46062,0.2231,0.94298,0.87561,0.93166,0.63333,0.4189,0.41194,0.36438,0.0141996,0.0047332,0.0141996,0.0047332,0.0141996,0.0047332,0.0141996,0.0047332
268,16616.8,0.35691,0.48536,0.24573,0.94529,0.87336,0.93117,0.63245,0.42109,0.41157,0.36606,0.0141402,0.0047134,0.0141402,0.0047134,0.0141402,0.0047134,0.0141402,0.0047134
269,16655.9,0.31837,0.45284,0.22359,0.94673,0.87301,0.9311,0.63256,0.42105,0.41246,0.36531,0.0140808,0.0046936,0.0140808,0.0046936,0.0140808,0.0046936,0.0140808,0.0046936
270,16695,0.3095,0.44887,0.22271,0.94855,0.87718,0.9343,0.63438,0.42031,0.41283,0.36561,0.0140214,0.0046738,0.0140214,0.0046738,0.0140214,0.0046738,0.0140214,0.0046738
271,16734.1,0.35428,0.4679,0.23621,0.94606,0.87718,0.93379,0.63491,0.41893,0.41474,0.36257,0.013962,0.004654,0.013962,0.004654,0.013962,0.004654,0.013962,0.004654
272,16773.4,0.32435,0.45954,0.22863,0.94759,0.87282,0.93301,0.6347,0.41819,0.41552,0.36292,0.0139026,0.0046342,0.0139026,0.0046342,0.0139026,0.0046342,0.0139026,0.0046342
273,16812.3,0.30412,0.44649,0.217,0.94407,0.875,0.93284,0.63431,0.41948,0.41609,0.36245,0.0138432,0.0046144,0.0138432,0.0046144,0.0138432,0.0046144,0.0138432,0.0046144
274,16851.3,0.29377,0.4446,0.21125,0.94658,0.87009,0.92953,0.63094,0.42073,0.41453,0.36379,0.0137838,0.0045946,0.0137838,0.0045946,0.0137838,0.0045946,0.0137838,0.0045946
275,16890.6,0.29778,0.45019,0.21184,0.94839,0.87274,0.93042,0.6321,0.41982,0.4138,0.36394,0.0137244,0.0045748,0.0137244,0.0045748,0.0137244,0.0045748,0.0137244,0.0045748
276,16929.6,0.28616,0.45101,0.2115,0.9458,0.87172,0.93103,0.63344,0.41943,0.41293,0.36359,0.013665,0.004555,0.013665,0.004555,0.013665,0.004555,0.013665,0.004555
277,16968.7,0.30427,0.45373,0.21478,0.94382,0.87227,0.93146,0.63474,0.41799,0.41347,0.36381,0.0136056,0.0045352,0.0136056,0.0045352,0.0136056,0.0045352,0.0136056,0.0045352
278,17007.9,0.31375,0.45787,0.21622,0.94573,0.87506,0.934,0.63682,0.41724,0.41272,0.36453,0.0135462,0.0045154,0.0135462,0.0045154,0.0135462,0.0045154,0.0135462,0.0045154
279,17046.9,0.30377,0.45404,0.21595,0.94742,0.87227,0.93319,0.63737,0.41778,0.40992,0.36446,0.0134868,0.0044956,0.0134868,0.0044956,0.0134868,0.0044956,0.0134868,0.0044956
280,17085.8,0.32415,0.46642,0.22565,0.94557,0.87236,0.93274,0.63729,0.41697,0.41052,0.36373,0.0134274,0.0044758,0.0134274,0.0044758,0.0134274,0.0044758,0.0134274,0.0044758
281,17124.8,0.31742,0.46703,0.22872,0.94518,0.87522,0.9333,0.64013,0.41607,0.41099,0.36283,0.013368,0.004456,0.013368,0.004456,0.013368,0.004456,0.013368,0.004456
282,17164.1,0.29449,0.44436,0.20818,0.9464,0.87336,0.93257,0.63994,0.41579,0.40942,0.36072,0.0133086,0.0044362,0.0133086,0.0044362,0.0133086,0.0044362,0.0133086,0.0044362
283,17203.3,0.29241,0.4433,0.20833,0.94459,0.87555,0.93242,0.63939,0.41497,0.40997,0.35976,0.0132492,0.0044164,0.0132492,0.0044164,0.0132492,0.0044164,0.0132492,0.0044164
284,17242.4,0.28854,0.44588,0.20763,0.94514,0.87227,0.93147,0.63712,0.41587,0.40945,0.36086,0.0131898,0.0043966,0.0131898,0.0043966,0.0131898,0.0043966,0.0131898,0.0043966
285,17281.8,0.27769,0.43983,0.20057,0.94615,0.87283,0.93437,0.63979,0.41587,0.40971,0.36058,0.0131304,0.0043768,0.0131304,0.0043768,0.0131304,0.0043768,0.0131304,0.0043768
286,17320.8,0.29865,0.4395,0.20957,0.94783,0.87118,0.93287,0.64114,0.41438,0.40952,0.35968,0.013071,0.004357,0.013071,0.004357,0.013071,0.004357,0.013071,0.004357
287,17359.8,0.28663,0.43909,0.21015,0.94768,0.87227,0.93373,0.64334,0.41227,0.40814,0.35782,0.0130116,0.0043372,0.0130116,0.0043372,0.0130116,0.0043372,0.0130116,0.0043372
288,17399.1,0.27417,0.43878,0.20473,0.94791,0.87172,0.93553,0.64606,0.41193,0.40801,0.35724,0.0129522,0.0043174,0.0129522,0.0043174,0.0129522,0.0043174,0.0129522,0.0043174
289,17438.2,0.28995,0.45031,0.20495,0.94848,0.87063,0.9332,0.64652,0.41023,0.40863,0.35585,0.0128928,0.0042976,0.0128928,0.0042976,0.0128928,0.0042976,0.0128928,0.0042976
290,17477.3,0.2791,0.43593,0.20711,0.94884,0.87071,0.93452,0.64721,0.41082,0.40804,0.35583,0.0128334,0.0042778,0.0128334,0.0042778,0.0128334,0.0042778,0.0128334,0.0042778
291,17516.7,0.29707,0.43526,0.20548,0.94932,0.86909,0.93206,0.64746,0.41007,0.40789,0.35446,0.012774,0.004258,0.012774,0.004258,0.012774,0.004258,0.012774,0.004258
292,17555.7,0.2861,0.42689,0.20851,0.95082,0.869,0.93306,0.64843,0.40748,0.40911,0.35177,0.0127146,0.0042382,0.0127146,0.0042382,0.0127146,0.0042382,0.0127146,0.0042382
293,17594.7,0.28192,0.43574,0.20801,0.94985,0.86851,0.93192,0.64933,0.40774,0.40838,0.35156,0.0126552,0.0042184,0.0126552,0.0042184,0.0126552,0.0042184,0.0126552,0.0042184
294,17633.9,0.28122,0.43466,0.20754,0.94907,0.86845,0.93155,0.64894,0.4081,0.40846,0.35147,0.0125958,0.0041986,0.0125958,0.0041986,0.0125958,0.0041986,0.0125958,0.0041986
295,17672.8,0.28757,0.43492,0.21175,0.94891,0.86954,0.932,0.64982,0.40807,0.40901,0.35159,0.0125364,0.0041788,0.0125364,0.0041788,0.0125364,0.0041788,0.0125364,0.0041788
296,17711.9,0.29569,0.43606,0.21239,0.94929,0.869,0.9333,0.65107,0.40806,0.40826,0.35184,0.012477,0.004159,0.012477,0.004159,0.012477,0.004159,0.012477,0.004159
297,17750.9,0.36679,0.47843,0.24558,0.95115,0.87157,0.93412,0.65077,0.40667,0.40987,0.35196,0.0124176,0.0041392,0.0124176,0.0041392,0.0124176,0.0041392,0.0124176,0.0041392
298,17790.3,0.31418,0.4487,0.21164,0.94811,0.87063,0.9323,0.64942,0.40551,0.41088,0.35118,0.0123582,0.0041194,0.0123582,0.0041194,0.0123582,0.0041194,0.0123582,0.0041194
299,17829.4,0.31548,0.44422,0.22184,0.94914,0.87009,0.93199,0.64857,0.40509,0.41111,0.35005,0.0122988,0.0040996,0.0122988,0.0040996,0.0122988,0.0040996,0.0122988,0.0040996
300,17868.5,0.3599,0.47485,0.23876,0.94736,0.87009,0.93261,0.64962,0.4054,0.40832,0.35248,0.0122394,0.0040798,0.0122394,0.0040798,0.0122394,0.0040798,0.0122394,0.0040798
301,17907.7,0.30292,0.45102,0.21264,0.94997,0.8707,0.93432,0.65097,0.40574,0.40834,0.35223,0.01218,0.00406,0.01218,0.00406,0.01218,0.00406,0.01218,0.00406
302,17946.8,0.34795,0.46396,0.23403,0.94798,0.87336,0.93303,0.6507,0.40512,0.40798,0.352,0.0121206,0.0040402,0.0121206,0.0040402,0.0121206,0.0040402,0.0121206,0.0040402
303,17985.8,0.31969,0.45359,0.21771,0.9491,0.87063,0.93098,0.64995,0.40518,0.40753,0.35207,0.0120612,0.0040204,0.0120612,0.0040204,0.0120612,0.0040204,0.0120612,0.0040204
304,18025,0.28602,0.43494,0.20314,0.95123,0.87311,0.93438,0.65293,0.40544,0.4059,0.35215,0.0120018,0.0040006,0.0120018,0.0040006,0.0120018,0.0040006,0.0120018,0.0040006
305,18064,0.2853,0.43312,0.19932,0.9483,0.87063,0.93303,0.65212,0.40497,0.40544,0.35166,0.0119424,0.0039808,0.0119424,0.0039808,0.0119424,0.0039808,0.0119424,0.0039808
306,18103.3,0.27527,0.4257,0.19694,0.9457,0.869,0.92995,0.64919,0.40463,0.40649,0.35115,0.011883,0.003961,0.011883,0.003961,0.011883,0.003961,0.011883,0.003961
307,18142.4,0.26803,0.42829,0.19902,0.94519,0.87543,0.93428,0.65225,0.40501,0.40791,0.35148,0.0118236,0.0039412,0.0118236,0.0039412,0.0118236,0.0039412,0.0118236,0.0039412
